No,Search Term,Platform,Modifier Type,Modifier,Keyword,Language,Country,Search Vol.,CPC (US$)
1,"dubai real estate","Google","Alphabeticals","a","dubai real estate agents","en","ae","5.4K","5.5"
2,"dubai real estate","Google","Alphabeticals","a","dubai real estate agency","en","ae","4.4K","4.25"
3,"dubai real estate","Google","Alphabeticals","a","dubai real estate agent license","en","ae","260","2.77"
4,"dubai real estate","Google","Alphabeticals","a","dubai real estate agents list","en","ae","210","4.12"
5,"dubai real estate","Google","Alphabeticals","a","dubai real estate agent commission","en","ae","50","-"
6,"dubai real estate","Google","Alphabeticals","a","dubai real estate app","en","ae","50","4.02"
7,"dubai real estate","Google","Alphabeticals","a","dubai real estate authority","en","ae","20","-"
8,"dubai real estate","Google","Alphabeticals","a","dubai real estate agent search","en","ae","10","-"
9,"dubai real estate","Google","Alphabeticals","a","dubai real estate articles","en","ae","10","2.35"
10,"dubai real estate","Google","Alphabeticals","a","dubai real estate academy","en","ae","0","-"
11,"dubai real estate","Google","Alphabeticals","a","dubai real estate auction","en","ae","0","-"
12,"dubai real estate","Google","Alphabeticals","a","dubai real estate after war","en","ae","0","-"
13,"dubai real estate","Google","Alphabeticals","a","dubai real estate arabian business","en","ae","0","-"
14,"dubai real estate","Google","Alphabeticals","a","dubai real estate ai","en","ae","0","-"
15,"dubai real estate","Google","Alphabeticals","a","dubai real estate april 2026","en","ae","0","-"
16,"dubai real estate","Google","Alphabeticals","b","dubai real estate brokers","en","ae","5.4K","4.79"
17,"dubai real estate","Google","Alphabeticals","b","dubai real estate brokerage","en","ae","4.4K","4.25"
18,"dubai real estate","Google","Alphabeticals","b","dubai real estate bubble","en","ae","480","8.54"
19,"dubai real estate","Google","Alphabeticals","b","dubai real estate broker license","en","ae","210","5.55"
20,"dubai real estate","Google","Alphabeticals","b","dubai real estate brokers list","en","ae","110","2.73"
21,"dubai real estate","Google","Alphabeticals","b","dubai real estate blogs","en","ae","30","1.91"
22,"dubai real estate","Google","Alphabeticals","b","dubai real estate building al mina road","en","ae","20","-"
23,"dubai real estate","Google","Alphabeticals","b","dubai real estate book","en","ae","20","3.17"
24,"dubai real estate","Google","Alphabeticals","b","dubai real estate building","en","ae","20","4.69"
25,"dubai real estate","Google","Alphabeticals","b","dubai real estate bloomberg","en","ae","10","-"
26,"dubai real estate","Google","Alphabeticals","b","dubai real estate buyers by nationality","en","ae","10","-"
27,"dubai real estate","Google","Alphabeticals","b","dubai real estate broker commission","en","ae","10","-"
28,"dubai real estate","Google","Alphabeticals","b","dubai real estate brokerage companies","en","ae","0","-"
29,"dubai real estate","Google","Alphabeticals","b","dubai real estate broker exam","en","ae","0","-"
30,"dubai real estate","Google","Alphabeticals","b","dubai real estate brokers whatsapp group","en","ae","0","-"
31,"dubai real estate","Google","Alphabeticals","c","dubai real estate companies","en","ae","5.4K","2.47"
32,"dubai real estate","Google","Alphabeticals","c","dubai real estate centre","en","ae","3.6K","1.36"
33,"dubai real estate","Google","Alphabeticals","c","dubai real estate careers","en","ae","880","1.09"
34,"dubai real estate","Google","Alphabeticals","c","dubai real estate corp","en","ae","720","2.22"
35,"dubai real estate","Google","Alphabeticals","c","dubai real estate corporation","en","ae","720","3.12"
36,"dubai real estate","Google","Alphabeticals","c","dubai real estate corporation hq","en","ae","590","0.58"
37,"dubai real estate","Google","Alphabeticals","c","dubai real estate crash","en","ae","480","8.54"
38,"dubai real estate","Google","Alphabeticals","c","dubai real estate companies list","en","ae","390","2.69"
39,"dubai real estate","Google","Alphabeticals","c","dubai real estate course","en","ae","260","2.41"
40,"dubai real estate","Google","Alphabeticals","c","dubai real estate chart","en","ae","20","1.21"
41,"dubai real estate","Google","Alphabeticals","c","dubai real estate centre llc","en","ae","10","-"
42,"dubai real estate","Google","Alphabeticals","c","dubai real estate commission percentage","en","ae","10","-"
43,"dubai real estate","Google","Alphabeticals","c","dubai real estate crm","en","ae","10","12.06"
44,"dubai real estate","Google","Alphabeticals","c","dubai real estate crash reddit","en","ae","0","-"
45,"dubai real estate","Google","Alphabeticals","c","dubai real estate correction","en","ae","0","-"
46,"dubai real estate","Google","Alphabeticals","d","dubai real estate developers","en","ae","2.4K","3.57"
47,"dubai real estate","Google","Alphabeticals","d","dubai real estate developers list","en","ae","590","2.63"
48,"dubai real estate","Google","Alphabeticals","d","dubai real estate data","en","ae","170","3.05"
49,"dubai real estate","Google","Alphabeticals","d","dubai real estate database","en","ae","170","3.05"
50,"dubai real estate","Google","Alphabeticals","d","dubai real estate down","en","ae","10","-"
51,"dubai real estate","Google","Alphabeticals","d","dubai real estate department","en","ae","10","-"
52,"dubai real estate","Google","Alphabeticals","d","dubai real estate drop","en","ae","10","-"
53,"dubai real estate","Google","Alphabeticals","d","dubai real estate downfall","en","ae","10","-"
54,"dubai real estate","Google","Alphabeticals","d","dubai real estate deals","en","ae","10","5.34"
55,"dubai real estate","Google","Alphabeticals","d","dubai real estate distressed deals","en","ae","0","-"
56,"dubai real estate","Google","Alphabeticals","d","dubai real estate data for sale","en","ae","0","-"
57,"dubai real estate","Google","Alphabeticals","d","dubai real estate dispute center","en","ae","0","-"
58,"dubai real estate","Google","Alphabeticals","d","dubai real estate daily transactions","en","ae","0","-"
59,"dubai real estate","Google","Alphabeticals","d","dubai real estate developers ranking","en","ae","0","-"
60,"dubai real estate","Google","Alphabeticals","d","dubai real estate data analytics","en","ae","0","-"
61,"dubai real estate","Google","Alphabeticals","e","dubai real estate events","en","ae","210","4.6"
62,"dubai real estate","Google","Alphabeticals","e","dubai real estate exhibition","en","ae","70","3.46"
63,"dubai real estate","Google","Alphabeticals","e","dubai real estate expo","en","ae","40","3.77"
64,"dubai real estate","Google","Alphabeticals","e","dubai real estate exam","en","ae","10","-"
65,"dubai real estate","Google","Alphabeticals","e","dubai real estate etf","en","ae","10","2.28"
66,"dubai real estate","Google","Alphabeticals","e","dubai real estate expo 2025","en","ae","10","5.05"
67,"dubai real estate","Google","Alphabeticals","e","dubai real estate establishment","en","ae","0","-"
68,"dubai real estate","Google","Alphabeticals","e","dubai real estate expo 2026","en","ae","0","-"
69,"dubai real estate","Google","Alphabeticals","e","dubai real estate events 2026","en","ae","0","-"
70,"dubai real estate","Google","Alphabeticals","e","dubai real estate etf in us","en","ae","0","-"
71,"dubai real estate","Google","Alphabeticals","e","dubai real estate emaar","en","ae","0","-"
72,"dubai real estate","Google","Alphabeticals","e","dubai real estate explained","en","ae","0","-"
73,"dubai real estate","Google","Alphabeticals","e","dubai real estate etf in india","en","ae","0","-"
74,"dubai real estate","Google","Alphabeticals","e","dubai real estate events 2025","en","ae","0","-"
75,"dubai real estate","Google","Alphabeticals","e","dubai real estate evolution","en","ae","0","-"
76,"dubai real estate","Google","Alphabeticals","f","dubai real estate for sale","en","ae","590","5.59"
77,"dubai real estate","Google","Alphabeticals","f","dubai real estate firms","en","ae","210","3.1"
78,"dubai real estate","Google","Alphabeticals","f","dubai real estate forecast","en","ae","50","1.93"
79,"dubai real estate","Google","Alphabeticals","f","dubai real estate future","en","ae","50","2.68"
80,"dubai real estate","Google","Alphabeticals","f","dubai real estate for rent","en","ae","30","-"
81,"dubai real estate","Google","Alphabeticals","f","dubai real estate fund","en","ae","30","3.94"
82,"dubai real estate","Google","Alphabeticals","f","dubai real estate forecast 2026","en","ae","20","-"
83,"dubai real estate","Google","Alphabeticals","f","dubai real estate forum","en","ae","10","-"
84,"dubai real estate","Google","Alphabeticals","f","dubai real estate flexi rent","en","ae","0","-"
85,"dubai real estate","Google","Alphabeticals","f","dubai real estate falling","en","ae","0","-"
86,"dubai real estate","Google","Alphabeticals","f","dubai real estate famous person","en","ae","0","-"
87,"dubai real estate","Google","Alphabeticals","f","dubai real estate finance jobs","en","ae","0","-"
88,"dubai real estate","Google","Alphabeticals","f","dubai real estate facebook","en","ae","0","-"
89,"dubai real estate","Google","Alphabeticals","f","dubai real estate future reddit","en","ae","0","-"
90,"dubai real estate","Google","Alphabeticals","f","dubai real estate flyer","en","ae","0","-"
91,"dubai real estate","Google","Alphabeticals","g","dubai real estate groups","en","ae","50","3.66"
92,"dubai real estate","Google","Alphabeticals","g","dubai real estate growth","en","ae","20","-"
93,"dubai real estate","Google","Alphabeticals","g","dubai real estate government","en","ae","20","-"
94,"dubai real estate","Google","Alphabeticals","g","dubai real estate graph","en","ae","20","1.8"
95,"dubai real estate","Google","Alphabeticals","g","dubai real estate guide","en","ae","10","-"
96,"dubai real estate","Google","Alphabeticals","g","dubai real estate graph 2026","en","ae","10","1.68"
97,"dubai real estate","Google","Alphabeticals","g","dubai real estate growth rate","en","ae","10","1.82"
98,"dubai real estate","Google","Alphabeticals","g","dubai real estate golden visa","en","ae","10","4.76"
99,"dubai real estate","Google","Alphabeticals","g","dubai real estate group whatsapp","en","ae","0","-"
100,"dubai real estate","Google","Alphabeticals","g","dubai real estate going down","en","ae","0","-"
101,"dubai real estate","Google","Alphabeticals","g","dubai real estate girls","en","ae","0","-"
102,"dubai real estate","Google","Alphabeticals","g","dubai real estate gulf news","en","ae","0","-"
103,"dubai real estate","Google","Alphabeticals","g","dubai real estate guide pdf","en","ae","0","-"
104,"dubai real estate","Google","Alphabeticals","g","dubai real estate government website","en","ae","0","-"
105,"dubai real estate","Google","Alphabeticals","g","dubai real estate global expansion","en","ae","0","-"
106,"dubai real estate","Google","Alphabeticals","h","dubai real estate headquarters","en","ae","390","0.11"
107,"dubai real estate","Google","Alphabeticals","h","dubai real estate hashtags","en","ae","20","-"
108,"dubai real estate","Google","Alphabeticals","h","dubai real estate history","en","ae","10","-"
109,"dubai real estate","Google","Alphabeticals","h","dubai real estate house","en","ae","10","-"
110,"dubai real estate","Google","Alphabeticals","h","dubai real estate historical prices","en","ae","10","-"
111,"dubai real estate","Google","Alphabeticals","h","dubai real estate headquarters bus stop","en","ae","0","-"
112,"dubai real estate","Google","Alphabeticals","h","dubai real estate hiring","en","ae","0","-"
113,"dubai real estate","Google","Alphabeticals","h","dubai real estate hd images","en","ae","0","-"
114,"dubai real estate","Google","Alphabeticals","h","dubai real estate house 53","en","ae","0","-"
115,"dubai real estate","Google","Alphabeticals","h","dubai real estate house for sale","en","ae","0","-"
116,"dubai real estate","Google","Alphabeticals","h","dubai real estate h1 2025","en","ae","0","-"
117,"dubai real estate","Google","Alphabeticals","h","dubai real estate heat map","en","ae","0","-"
118,"dubai real estate","Google","Alphabeticals","h","dubai real estate hit","en","ae","0","-"
119,"dubai real estate","Google","Alphabeticals","h","dubai real estate holding","en","ae","0","-"
120,"dubai real estate","Google","Alphabeticals","h","dubai real estate how much down","en","ae","0","-"
121,"dubai real estate","Google","Alphabeticals","i","dubai real estate index","en","ae","1.6K","2.56"
122,"dubai real estate","Google","Alphabeticals","i","dubai real estate investment","en","ae","1.6K","17.17"
123,"dubai real estate","Google","Alphabeticals","i","dubai real estate institute","en","ae","260","2.02"
124,"dubai real estate","Google","Alphabeticals","i","dubai real estate index chart","en","ae","140","2.13"
125,"dubai real estate","Google","Alphabeticals","i","dubai real estate images","en","ae","40","-"
126,"dubai real estate","Google","Alphabeticals","i","dubai real estate instagram","en","ae","20","-"
127,"dubai real estate","Google","Alphabeticals","i","dubai real estate index 2026","en","ae","10","3.36"
128,"dubai real estate","Google","Alphabeticals","i","dubai real estate institute (drei)","en","ae","0","-"
129,"dubai real estate","Google","Alphabeticals","i","dubai real estate index dfm","en","ae","0","-"
130,"dubai real estate","Google","Alphabeticals","i","dubai real estate influencers","en","ae","0","-"
131,"dubai real estate","Google","Alphabeticals","i","dubai real estate investor visa","en","ae","0","-"
132,"dubai real estate","Google","Alphabeticals","i","dubai real estate index today","en","ae","0","-"
133,"dubai real estate","Google","Alphabeticals","i","dubai real estate index crash","en","ae","0","-"
134,"dubai real estate","Google","Alphabeticals","i","dubai real estate index live","en","ae","0","-"
135,"dubai real estate","Google","Alphabeticals","i","dubai real estate indian owner","en","ae","0","-"
136,"dubai real estate","Google","Alphabeticals","j","dubai real estate jobs","en","ae","880","1.11"
137,"dubai real estate","Google","Alphabeticals","j","dubai real estate jobs salary","en","ae","10","-"
138,"dubai real estate","Google","Alphabeticals","j","dubai real estate jobs for indian","en","ae","10","-"
139,"dubai real estate","Google","Alphabeticals","j","dubai real estate jobs no experience","en","ae","10","-"
140,"dubai real estate","Google","Alphabeticals","j","dubai real estate jobs for freshers","en","ae","10","0.57"
141,"dubai real estate","Google","Alphabeticals","j","dubai real estate job vacancy","en","ae","0","-"
142,"dubai real estate","Google","Alphabeticals","j","dubai real estate jobs work from home","en","ae","0","-"
143,"dubai real estate","Google","Alphabeticals","j","dubai real estate jobs for indian freshers","en","ae","0","-"
144,"dubai real estate","Google","Alphabeticals","j","dubai real estate jobs in mumbai","en","ae","0","-"
145,"dubai real estate","Google","Alphabeticals","j","dubai real estate jobs remote","en","ae","0","-"
146,"dubai real estate","Google","Alphabeticals","j","dubai real estate june 2026","en","ae","0","-"
147,"dubai real estate","Google","Alphabeticals","j","dubai real estate job opportunities","en","ae","0","-"
148,"dubai real estate","Google","Alphabeticals","j","dubai real estate july 2025 sales","en","ae","0","-"
149,"dubai real estate","Google","Alphabeticals","j","dubai real estate jvc","en","ae","0","-"
150,"dubai real estate","Google","Alphabeticals","j","dubai real estate jobs for foreigners","en","ae","0","-"
151,"dubai real estate","Google","Alphabeticals","k","dubai real estate news khaleej times","en","ae","50","2.68"
152,"dubai real estate","Google","Alphabeticals","k","dubai real estate burj khalifa","en","ae","40","1.15"
153,"dubai real estate","Google","Alphabeticals","k","dubai real estate knowledge","en","ae","20","1.75"
154,"dubai real estate","Google","Alphabeticals","k","dubai real estate khaleej times","en","ae","0","-"
155,"dubai real estate","Google","Alphabeticals","k","dubai real estate king","en","ae","0","-"
156,"dubai real estate","Google","Alphabeticals","k","dubai real estate king from india","en","ae","0","-"
157,"dubai real estate","Google","Alphabeticals","k","dubai real estate knight frank","en","ae","0","-"
158,"dubai real estate","Google","Alphabeticals","k","dubai real estate kya hai","en","ae","0","-"
159,"dubai real estate","Google","Alphabeticals","k","dubai real estate knowledge bank","en","ae","0","-"
160,"dubai real estate","Google","Alphabeticals","k","dubai real estate keywords","en","ae","0","-"
161,"dubai real estate","Google","Alphabeticals","k","dubai real estate news khaleej times today","en","ae","0","-"
162,"dubai real estate","Google","Alphabeticals","k","dubai real estate market knight frank","en","ae","0","-"
163,"dubai real estate","Google","Alphabeticals","k","dubai real estate expo kolkata","en","ae","0","-"
164,"dubai real estate","Google","Alphabeticals","k","dubai real estate market knowledge","en","ae","0","-"
165,"dubai real estate","Google","Alphabeticals","l","dubai real estate luxury","en","ae","1.3K","4.98"
166,"dubai real estate","Google","Alphabeticals","l","dubai real estate license","en","ae","320","4.49"
167,"dubai real estate","Google","Alphabeticals","l","dubai real estate latest news","en","ae","140","1.62"
168,"dubai real estate","Google","Alphabeticals","l","dubai real estate listings","en","ae","90","4.28"
169,"dubai real estate","Google","Alphabeticals","l","dubai real estate lawyer","en","ae","70","7.01"
170,"dubai real estate","Google","Alphabeticals","l","dubai real estate law","en","ae","70","7.22"
171,"dubai real estate","Google","Alphabeticals","l","dubai real estate logo","en","ae","40","-"
172,"dubai real estate","Google","Alphabeticals","l","dubai real estate laws and regulations","en","ae","40","-"
173,"dubai real estate","Google","Alphabeticals","l","dubai real estate license requirements","en","ae","10","-"
174,"dubai real estate","Google","Alphabeticals","l","dubai real estate latest","en","ae","10","-"
175,"dubai real estate","Google","Alphabeticals","l","dubai real estate listed companies","en","ae","10","-"
176,"dubai real estate","Google","Alphabeticals","l","dubai real estate license cost","en","ae","10","2.64"
177,"dubai real estate","Google","Alphabeticals","l","dubai real estate login","en","ae","0","-"
178,"dubai real estate","Google","Alphabeticals","l","dubai real estate latest news today","en","ae","0","-"
179,"dubai real estate","Google","Alphabeticals","l","dubai real estate loss","en","ae","0","-"
180,"dubai real estate","Google","Alphabeticals","m","dubai real estate market","en","ae","1.3K","5.02"
181,"dubai real estate","Google","Alphabeticals","m","dubai real estate map","en","ae","260","1.78"
182,"dubai real estate","Google","Alphabeticals","m","dubai real estate market index","en","ae","90","2.05"
183,"dubai real estate","Google","Alphabeticals","m","dubai real estate market news","en","ae","70","2.1"
184,"dubai real estate","Google","Alphabeticals","m","dubai real estate market report","en","ae","40","1.63"
185,"dubai real estate","Google","Alphabeticals","m","dubai real estate map pdf","en","ae","40","2.29"
186,"dubai real estate","Google","Alphabeticals","m","dubai real estate market 2026","en","ae","40","3.95"
187,"dubai real estate","Google","Alphabeticals","m","dubai real estate market crash","en","ae","30","-"
188,"dubai real estate","Google","Alphabeticals","m","dubai real estate market graph","en","ae","20","1.95"
189,"dubai real estate","Google","Alphabeticals","m","dubai real estate market chart","en","ae","10","-"
190,"dubai real estate","Google","Alphabeticals","m","dubai real estate map 2026","en","ae","10","-"
191,"dubai real estate","Google","Alphabeticals","m","dubai real estate market forecast 2026","en","ae","0","-"
192,"dubai real estate","Google","Alphabeticals","m","dubai real estate market now","en","ae","0","-"
193,"dubai real estate","Google","Alphabeticals","m","dubai real estate market update","en","ae","0","-"
194,"dubai real estate","Google","Alphabeticals","m","dubai real estate market report 2026","en","ae","0","-"
195,"dubai real estate","Google","Alphabeticals","n","dubai real estate news","en","ae","2.9K","1.91"
196,"dubai real estate","Google","Alphabeticals","n","dubai real estate netflix","en","ae","10","-"
197,"dubai real estate","Google","Alphabeticals","n","dubai real estate nerd","en","ae","10","-"
198,"dubai real estate","Google","Alphabeticals","n","dubai real estate net","en","ae","10","-"
199,"dubai real estate","Google","Alphabeticals","n","dubai real estate names","en","ae","10","1.39"
200,"dubai real estate","Google","Alphabeticals","n","dubai real estate now","en","ae","0","-"
201,"dubai real estate","Google","Alphabeticals","n","dubai real estate netflix show","en","ae","0","-"
202,"dubai real estate","Google","Alphabeticals","n","dubai real estate news 2026","en","ae","0","-"
203,"dubai real estate","Google","Alphabeticals","n","dubai real estate news 2025","en","ae","0","-"
204,"dubai real estate","Google","Alphabeticals","n","dubai real estate new projects","en","ae","0","-"
205,"dubai real estate","Google","Alphabeticals","n","dubai real estate newsletter","en","ae","0","-"
206,"dubai real estate","Google","Alphabeticals","n","dubai real estate numbers","en","ae","0","-"
207,"dubai real estate","Google","Alphabeticals","n","dubai real estate news arabian business","en","ae","0","-"
208,"dubai real estate","Google","Alphabeticals","n","dubai real estate net worth","en","ae","0","-"
209,"dubai real estate","Google","Alphabeticals","n","dubai real estate networking events","en","ae","0","-"
210,"dubai real estate","Google","Alphabeticals","o","dubai real estate off plan","en","ae","90","6.35"
211,"dubai real estate","Google","Alphabeticals","o","dubai real estate office","en","ae","50","-"
212,"dubai real estate","Google","Alphabeticals","o","dubai real estate outlook","en","ae","20","-"
213,"dubai real estate","Google","Alphabeticals","o","dubai real estate owner","en","ae","10","-"
214,"dubai real estate","Google","Alphabeticals","o","dubai real estate opportunities","en","ae","10","-"
215,"dubai real estate","Google","Alphabeticals","o","dubai real estate oversupply","en","ae","10","-"
216,"dubai real estate","Google","Alphabeticals","o","dubai real estate office location","en","ae","10","-"
217,"dubai real estate","Google","Alphabeticals","o","dubai real estate off plan market","en","ae","10","-"
218,"dubai real estate","Google","Alphabeticals","o","dubai real estate overview","en","ae","10","2.5"
219,"dubai real estate","Google","Alphabeticals","o","dubai real estate open now","en","ae","10","3.44"
220,"dubai real estate","Google","Alphabeticals","o","dubai real estate open data","en","ae","0","-"
221,"dubai real estate","Google","Alphabeticals","o","dubai real estate offers","en","ae","0","-"
222,"dubai real estate","Google","Alphabeticals","o","dubai real estate outlook 2026","en","ae","0","-"
223,"dubai real estate","Google","Alphabeticals","o","dubai real estate online","en","ae","0","-"
224,"dubai real estate","Google","Alphabeticals","o","dubai real estate occupancy rate","en","ae","0","-"
225,"dubai real estate","Google","Alphabeticals","p","dubai real estate prices","en","ae","260","1.97"
226,"dubai real estate","Google","Alphabeticals","p","dubai real estate projects","en","ae","210","8.15"
227,"dubai real estate","Google","Alphabeticals","p","dubai real estate property","en","ae","110","4.84"
228,"dubai real estate","Google","Alphabeticals","p","dubai real estate photographer","en","ae","90","2.89"
229,"dubai real estate","Google","Alphabeticals","p","dubai real estate project status","en","ae","40","2.81"
230,"dubai real estate","Google","Alphabeticals","p","dubai real estate price index","en","ae","40","2.87"
231,"dubai real estate","Google","Alphabeticals","p","dubai real estate prices chart","en","ae","30","2.01"
232,"dubai real estate","Google","Alphabeticals","p","dubai real estate price drop","en","ae","10","-"
233,"dubai real estate","Google","Alphabeticals","p","dubai real estate price drop forecast","en","ae","10","-"
234,"dubai real estate","Google","Alphabeticals","p","dubai real estate portal","en","ae","10","3.58"
235,"dubai real estate","Google","Alphabeticals","p","dubai real estate pictures","en","ae","0","-"
236,"dubai real estate","Google","Alphabeticals","p","dubai real estate photo","en","ae","0","-"
237,"dubai real estate","Google","Alphabeticals","p","dubai real estate price trend","en","ae","0","-"
238,"dubai real estate","Google","Alphabeticals","p","dubai real estate projects map","en","ae","0","-"
239,"dubai real estate","Google","Alphabeticals","p","dubai real estate predictions 2026","en","ae","0","-"
240,"dubai real estate","Google","Alphabeticals","q","dubai real estate quotes","en","ae","10","6.32"
241,"dubai real estate","Google","Alphabeticals","q","dubai real estate q1","en","ae","0","-"
242,"dubai real estate","Google","Alphabeticals","q","dubai real estate q1 2026","en","ae","0","-"
243,"dubai real estate","Google","Alphabeticals","q","dubai real estate queen","en","ae","0","-"
244,"dubai real estate","Google","Alphabeticals","q","dubai real estate q2 2025 sales","en","ae","0","-"
245,"dubai real estate","Google","Alphabeticals","q","dubai real estate q3 2025","en","ae","0","-"
246,"dubai real estate","Google","Alphabeticals","q","dubai real estate questions","en","ae","0","-"
247,"dubai real estate","Google","Alphabeticals","q","dubai real estate quora","en","ae","0","-"
248,"dubai real estate","Google","Alphabeticals","q","dubai real estate report q3 2025","en","ae","0","-"
249,"dubai real estate","Google","Alphabeticals","q","dubai real estate qualification","en","ae","0","-"
250,"dubai real estate","Google","Alphabeticals","q","dubai real estate qr code","en","ae","0","-"
251,"dubai real estate","Google","Alphabeticals","q","dubai real estate q1 2025 sales","en","ae","0","-"
252,"dubai real estate","Google","Alphabeticals","q","dubai real estate interview questions","en","ae","0","-"
253,"dubai real estate","Google","Alphabeticals","r","dubai real estate reddit","en","ae","320","7.33"
254,"dubai real estate","Google","Alphabeticals","r","dubai real estate regulatory agency","en","ae","70","1.18"
255,"dubai real estate","Google","Alphabeticals","r","dubai real estate report","en","ae","50","1.6"
256,"dubai real estate","Google","Alphabeticals","r","dubai real estate rent","en","ae","40","1.05"
257,"dubai real estate","Google","Alphabeticals","r","dubai real estate roi","en","ae","20","2.52"
258,"dubai real estate","Google","Alphabeticals","r","dubai real estate returns","en","ae","10","-"
259,"dubai real estate","Google","Alphabeticals","r","dubai real estate recovery","en","ae","10","-"
260,"dubai real estate","Google","Alphabeticals","r","dubai real estate rules and regulations","en","ae","10","0.86"
261,"dubai real estate","Google","Alphabeticals","r","dubai real estate rental yield","en","ae","10","3.05"
262,"dubai real estate","Google","Alphabeticals","r","dubai real estate report 2026","en","ae","0","-"
263,"dubai real estate","Google","Alphabeticals","r","dubai real estate rental index","en","ae","0","-"
264,"dubai real estate","Google","Alphabeticals","r","dubai real estate reality show","en","ae","0","-"
265,"dubai real estate","Google","Alphabeticals","r","dubai real estate ras al khaimah","en","ae","0","-"
266,"dubai real estate","Google","Alphabeticals","r","dubai real estate right now","en","ae","0","-"
267,"dubai real estate","Google","Alphabeticals","r","dubai real estate rates","en","ae","0","-"
268,"dubai real estate","Google","Alphabeticals","s","dubai real estate sales","en","ae","590","4.34"
269,"dubai real estate","Google","Alphabeticals","s","dubai real estate salary","en","ae","40","0.79"
270,"dubai real estate","Google","Alphabeticals","s","dubai real estate statistics","en","ae","30","1.65"
271,"dubai real estate","Google","Alphabeticals","s","dubai real estate show","en","ae","30","2"
272,"dubai real estate","Google","Alphabeticals","s","dubai real estate sector strategy 2033","en","ae","20","-"
273,"dubai real estate","Google","Alphabeticals","s","dubai real estate stock","en","ae","10","-"
274,"dubai real estate","Google","Alphabeticals","s","dubai real estate sales jobs","en","ae","10","-"
275,"dubai real estate","Google","Alphabeticals","s","dubai real estate stocks in india","en","ae","10","-"
276,"dubai real estate","Google","Alphabeticals","s","dubai real estate situation","en","ae","10","1.4"
277,"dubai real estate","Google","Alphabeticals","s","dubai real estate status","en","ae","0","-"
278,"dubai real estate","Google","Alphabeticals","s","dubai real estate sales transactions","en","ae","0","-"
279,"dubai real estate","Google","Alphabeticals","s","dubai real estate stock price","en","ae","0","-"
280,"dubai real estate","Google","Alphabeticals","s","dubai real estate situation now","en","ae","0","-"
281,"dubai real estate","Google","Alphabeticals","s","dubai real estate sales data","en","ae","0","-"
282,"dubai real estate","Google","Alphabeticals","s","dubai real estate stock market","en","ae","0","-"
283,"dubai real estate","Google","Alphabeticals","t","dubai real estate transactions","en","ae","480","1.49"
284,"dubai real estate","Google","Alphabeticals","t","dubai real estate trends","en","ae","70","2.34"
285,"dubai real estate","Google","Alphabeticals","t","dubai real estate transactions 2025","en","ae","70","3.15"
286,"dubai real estate","Google","Alphabeticals","t","dubai real estate training","en","ae","20","1.45"
287,"dubai real estate","Google","Alphabeticals","t","dubai real estate transactions data","en","ae","0","-"
288,"dubai real estate","Google","Alphabeticals","t","dubai real estate transactions 2026","en","ae","0","-"
289,"dubai real estate","Google","Alphabeticals","t","dubai real estate transactions march 2026","en","ae","0","-"
290,"dubai real estate","Google","Alphabeticals","t","dubai real estate today","en","ae","0","-"
291,"dubai real estate","Google","Alphabeticals","t","dubai real estate tokenization","en","ae","0","-"
292,"dubai real estate","Google","Alphabeticals","t","dubai real estate tanzeel abbasi reviews","en","ae","0","-"
293,"dubai real estate","Google","Alphabeticals","t","dubai real estate transactions may 2026","en","ae","0","-"
294,"dubai real estate","Google","Alphabeticals","t","dubai real estate trustee office","en","ae","0","-"
295,"dubai real estate","Google","Alphabeticals","t","dubai real estate telegram bot","en","ae","0","-"
296,"dubai real estate","Google","Alphabeticals","t","dubai real estate trends 2026","en","ae","0","-"
297,"dubai real estate","Google","Alphabeticals","t","dubai real estate telegram group link","en","ae","0","-"
298,"dubai real estate","Google","Alphabeticals","u","dubai real estate updates","en","ae","30","3.47"
299,"dubai real estate","Google","Alphabeticals","u","dubai real estate under construction","en","ae","10","-"
300,"dubai real estate","Google","Alphabeticals","u","dubai real estate update today","en","ae","0","-"
301,"dubai real estate","Google","Alphabeticals","u","dubai real estate up or down","en","ae","0","-"
302,"dubai real estate","Google","Alphabeticals","u","dubai real estate uk","en","ae","0","-"
303,"dubai real estate","Google","Alphabeticals","u","us real estate dubai","en","ae","0","-"
304,"dubai real estate","Google","Alphabeticals","u","dubai real estate unplugged","en","ae","0","-"
305,"dubai real estate","Google","Alphabeticals","u","dubai real estate usd","en","ae","0","-"
306,"dubai real estate","Google","Alphabeticals","u","dubai real estate upcoming projects","en","ae","0","-"
307,"dubai real estate","Google","Alphabeticals","u","dubai real estate university","en","ae","0","-"
308,"dubai real estate","Google","Alphabeticals","u","dubai real estate uae","en","ae","0","-"
309,"dubai real estate","Google","Alphabeticals","u","dubai real estate under 100k","en","ae","0","-"
310,"dubai real estate","Google","Alphabeticals","u","dubai real estate ubs","en","ae","0","-"
311,"dubai real estate","Google","Alphabeticals","u","dubai real estate upfront costs","en","ae","0","-"
312,"dubai real estate","Google","Alphabeticals","u","dubai real estate market update","en","ae","0","-"
313,"dubai real estate","Google","Alphabeticals","v","dubai real estate valuation","en","ae","40","8.31"
314,"dubai real estate","Google","Alphabeticals","v","dubai real estate villa","en","ae","20","6.17"
315,"dubai real estate","Google","Alphabeticals","v","dubai real estate visa","en","ae","10","1.72"
316,"dubai real estate","Google","Alphabeticals","v","dubai real estate videos","en","ae","10","6.57"
317,"dubai real estate","Google","Alphabeticals","v","dubai real estate value","en","ae","0","-"
318,"dubai real estate","Google","Alphabeticals","v","dubai real estate vacancies","en","ae","0","-"
319,"dubai real estate","Google","Alphabeticals","v","dubai real estate vs indian real estate","en","ae","0","-"
320,"dubai real estate","Google","Alphabeticals","v","dubai real estate visa changes","en","ae","0","-"
321,"dubai real estate","Google","Alphabeticals","v","dubai real estate value graph","en","ae","0","-"
322,"dubai real estate","Google","Alphabeticals","v","dubai real estate viral video","en","ae","0","-"
323,"dubai real estate","Google","Alphabeticals","v","dubai real estate villas for sale","en","ae","0","-"
324,"dubai real estate","Google","Alphabeticals","v","dubai real estate villa prices","en","ae","0","-"
325,"dubai real estate","Google","Alphabeticals","v","dubai real estate visiting card","en","ae","0","-"
326,"dubai real estate","Google","Alphabeticals","v","dubai real estate videographer","en","ae","0","-"
327,"dubai real estate","Google","Alphabeticals","v","dubai real estate value chart","en","ae","0","-"
328,"dubai real estate","Google","Alphabeticals","w","dubai real estate website","en","ae","170","2.53"
329,"dubai real estate","Google","Alphabeticals","w","dubai real estate whatsapp group","en","ae","20","3.92"
330,"dubai real estate","Google","Alphabeticals","w","dubai real estate war","en","ae","0","-"
331,"dubai real estate","Google","Alphabeticals","w","dubai real estate women","en","ae","0","-"
332,"dubai real estate","Google","Alphabeticals","w","dubai real estate war impact","en","ae","0","-"
333,"dubai real estate","Google","Alphabeticals","w","dubai real estate work","en","ae","0","-"
334,"dubai real estate","Google","Alphabeticals","w","dubai real estate wallpaper","en","ae","0","-"
335,"dubai real estate","Google","Alphabeticals","w","dubai real estate will fall","en","ae","0","-"
336,"dubai real estate","Google","Alphabeticals","w","dubai real estate worth","en","ae","0","-"
337,"dubai real estate","Google","Alphabeticals","w","dubai real estate webinar","en","ae","0","-"
338,"dubai real estate","Google","Alphabeticals","w","dubai real estate wikipedia","en","ae","0","-"
339,"dubai real estate","Google","Alphabeticals","w","dubai real estate where to invest","en","ae","0","-"
340,"dubai real estate","Google","Alphabeticals","w","dubai real estate warehouse","en","ae","0","-"
341,"dubai real estate","Google","Alphabeticals","w","dubai real estate weekly transactions","en","ae","0","-"
342,"dubai real estate","Google","Alphabeticals","w","dubai real estate write for us","en","ae","0","-"
343,"dubai real estate","Google","Alphabeticals","x","xceed real estate dubai","en","ae","20","-"
344,"dubai real estate","Google","Alphabeticals","x","xten real estate dubai","en","ae","10","-"
345,"dubai real estate","Google","Alphabeticals","x","dubai real estate xrp","en","ae","0","-"
346,"dubai real estate","Google","Alphabeticals","x","dubai real estate xrp tokenization","en","ae","0","-"
347,"dubai real estate","Google","Alphabeticals","x","dubai real estate xrpl","en","ae","0","-"
348,"dubai real estate","Google","Alphabeticals","x","dubai real estate xrp ledger","en","ae","0","-"
349,"dubai real estate","Google","Alphabeticals","x","dubai real estate tokenization xrp ledger","en","ae","0","-"
350,"dubai real estate","Google","Alphabeticals","x","xo dubai real estate","en","ae","0","-"
351,"dubai real estate","Google","Alphabeticals","x","x10 real estate dubai","en","ae","0","-"
352,"dubai real estate","Google","Alphabeticals","x","xsite real estate dubai","en","ae","0","-"
353,"dubai real estate","Google","Alphabeticals","x","xsell real estate dubai","en","ae","0","-"
354,"dubai real estate","Google","Alphabeticals","x","xyz real estate dubai","en","ae","0","-"
355,"dubai real estate","Google","Alphabeticals","x","dubai using xrp for real estate","en","ae","0","-"
356,"dubai real estate","Google","Alphabeticals","x","xen real estate dubai","en","ae","0","-"
357,"dubai real estate","Google","Alphabeticals","y","dubai real estate rental yield","en","ae","10","3.05"
358,"dubai real estate","Google","Alphabeticals","y","dubai real estate youtube","en","ae","0","-"
359,"dubai real estate","Google","Alphabeticals","y","dubai real estate yield","en","ae","0","-"
360,"dubai real estate","Google","Alphabeticals","y","dubai real estate yoy growth","en","ae","0","-"
361,"dubai real estate","Google","Alphabeticals","y","dubai real estate index yahoo finance","en","ae","0","-"
362,"dubai real estate","Google","Alphabeticals","y","dubai real estate transactions yesterday","en","ae","0","-"
363,"dubai real estate","Google","Alphabeticals","y","dubai real estate investment yield","en","ae","0","-"
364,"dubai real estate","Google","Alphabeticals","y","dubai real estate support your dream","en","ae","0","-"
365,"dubai real estate","Google","Alphabeticals","y","dubai real estate appreciation per year","en","ae","0","-"
366,"dubai real estate","Google","Alphabeticals","y","dubai real estate last 10 years","en","ae","0","-"
367,"dubai real estate","Google","Alphabeticals","y","dubai real estate growth per year","en","ae","0","-"
368,"dubai real estate","Google","Alphabeticals","y","dubai real estate highest rental yields by area revealed","en","ae","0","-"
369,"dubai real estate","Google","Alphabeticals","y","dubai real estate of the year","en","ae","0","-"
370,"dubai real estate","Google","Alphabeticals","y","dubai real estate in 10 years","en","ae","0","-"
371,"dubai real estate","Google","Alphabeticals","y","dubai real estate agent of the year","en","ae","0","-"
372,"dubai real estate","Google","Alphabeticals","z","zomorrodah building dubai real estate centre","en","ae","2.4K","1.96"
373,"dubai real estate","Google","Alphabeticals","z","zee real estate dubai","en","ae","70","3.25"
374,"dubai real estate","Google","Alphabeticals","z","zeina dubai real estate","en","ae","10","-"
375,"dubai real estate","Google","Alphabeticals","z","dubai real estate zillow","en","ae","0","-"
376,"dubai real estate","Google","Alphabeticals","z","dubai real estate zones","en","ae","0","-"
377,"dubai real estate","Google","Alphabeticals","z","dubai real estate zurich","en","ae","0","-"
378,"dubai real estate","Google","Alphabeticals","z","dubai real estate corporation sheikh zayed road","en","ae","0","-"
379,"dubai real estate","Google","Alphabeticals","z","zuma dubai real estate","en","ae","0","-"
380,"dubai real estate","Google","Alphabeticals","z","zoheb dubai real estate","en","ae","0","-"
381,"dubai real estate","Google","Alphabeticals","z","zohaib dubai real estate","en","ae","0","-"
382,"dubai real estate","Google","Alphabeticals","z","zeeshan dubai real estate","en","ae","0","-"
383,"dubai real estate","Google","Alphabeticals","z","zara dubai real estate","en","ae","0","-"
384,"dubai real estate","Google","Alphabeticals","z","mohammed zohaib dubai real estate","en","ae","0","-"
385,"dubai real estate","Google","Alphabeticals","z","dubai free zone real estate","en","ae","0","-"
386,"dubai real estate","Google","Alphabeticals","z","zamzam real estate dubai","en","ae","0","-"
387,"dubai real estate","Google","Comparisons","vs","dubai real estate vs indian real estate","en","ae","0","-"
388,"dubai real estate","Google","Comparisons","vs","dubai real estate vs london","en","ae","0","-"
389,"dubai real estate","Google","Comparisons","vs","dubai real estate vs india","en","ae","0","-"
390,"dubai real estate","Google","Numbers","1","dubai no 1 real estate company","en","ae","10","-"
391,"dubai real estate","Google","Numbers","1","dubai real estate 1 percent","en","ae","0","-"
392,"dubai real estate","Google","Numbers","1","dubai real estate 1 payment plan","en","ae","0","-"
393,"dubai real estate","Google","Numbers","1","dubai real estate 101","en","ae","0","-"
394,"dubai real estate","Google","Numbers","1","dubai real estate 1 bedroom apartment","en","ae","0","-"
395,"dubai real estate","Google","Numbers","1","dubai real estate 101 book","en","ae","0","-"
396,"dubai real estate","Google","Numbers","1","dubai real estate 100k","en","ae","0","-"
397,"dubai real estate","Google","Numbers","1","dubai real estate top 10","en","ae","0","-"
398,"dubai real estate","Google","Numbers","1","dubai real estate under 100k","en","ae","0","-"
399,"dubai real estate","Google","Numbers","1","dubai real estate last 10 years","en","ae","0","-"
400,"dubai real estate","Google","Numbers","1","dubai real estate in 10 years","en","ae","0","-"
401,"dubai real estate","Google","Numbers","1","dubai real estate companies top 10","en","ae","0","-"
402,"dubai real estate","Google","Numbers","1","dubai real estate market last 10 years","en","ae","0","-"
403,"dubai real estate","Google","Numbers","1","dubai real estate prices last 10 years","en","ae","0","-"
404,"dubai real estate","Google","Numbers","1","123 dubai real estate","en","ae","0","-"
405,"dubai real estate","Google","Numbers","2","dubai real estate 2025 rents","en","ae","90","-"
406,"dubai real estate","Google","Numbers","2","dubai real estate 2026","en","ae","10","-"
407,"dubai real estate","Google","Numbers","2","dubai real estate 2026 supply spike","en","ae","10","-"
408,"dubai real estate","Google","Numbers","2","dubai real estate 2024","en","ae","10","-"
409,"dubai real estate","Google","Numbers","2","dubai real estate 2025","en","ae","0","-"
410,"dubai real estate","Google","Numbers","2","dubai real estate 2025 report","en","ae","0","-"
411,"dubai real estate","Google","Numbers","2","dubai real estate 2026 predictions","en","ae","0","-"
412,"dubai real estate","Google","Numbers","2","dubai real estate 2026 outlook","en","ae","0","-"
413,"dubai real estate","Google","Numbers","2","dubai real estate 2030","en","ae","0","-"
414,"dubai real estate","Google","Numbers","2","dubai real estate 2026 reddit","en","ae","0","-"
415,"dubai real estate","Google","Numbers","2","dubai real estate 2033","en","ae","0","-"
416,"dubai real estate","Google","Numbers","2","dubai real estate 2026 forecast","en","ae","0","-"
417,"dubai real estate","Google","Numbers","2","dubai real estate 2027","en","ae","0","-"
418,"dubai real estate","Google","Numbers","2","dubai real estate 2 bhk","en","ae","0","-"
419,"dubai real estate","Google","Numbers","2","dubai real estate 20","en","ae","0","-"
420,"dubai real estate","Google","Numbers","3","al ferdous 3 dubai real estate centre","en","ae","720","-"
421,"dubai real estate","Google","Numbers","3","300 real estate dubai","en","ae","20","4.97"
422,"dubai real estate","Google","Numbers","3","3g real estate dubai","en","ae","10","-"
423,"dubai real estate","Google","Numbers","3","dubai real estate 3 bedroom apartment","en","ae","0","-"
424,"dubai real estate","Google","Numbers","3","dubai real estate 3d tour","en","ae","0","-"
425,"dubai real estate","Google","Numbers","3","dubai real estate 30","en","ae","0","-"
426,"dubai real estate","Google","Numbers","3","dubai real estate down 30","en","ae","0","-"
427,"dubai real estate","Google","Numbers","3","dubai 360 real estate","en","ae","0","-"
428,"dubai real estate","Google","Numbers","3","3s dubai real estate","en","ae","0","-"
429,"dubai real estate","Google","Numbers","3","dubai top 3 real estate companies","en","ae","0","-"
430,"dubai real estate","Google","Numbers","3","3d real estate dubai","en","ae","0","-"
431,"dubai real estate","Google","Numbers","3","33 real estate dubai","en","ae","0","-"
432,"dubai real estate","Google","Numbers","3","3x real estate dubai","en","ae","0","-"
433,"dubai real estate","Google","Numbers","3","al ferdous 3 dubai real estate centre photos","en","ae","0","-"
434,"dubai real estate","Google","Numbers","4","dubai real estate 4k","en","ae","0","-"
435,"dubai real estate","Google","Numbers","5","dubai real estate house 53","en","ae","0","-"
436,"dubai real estate","Google","Numbers","5","dubai real estate house 53 photos","en","ae","0","-"
437,"dubai real estate","Google","Numbers","5","dubai real estate market last 5 years","en","ae","0","-"
438,"dubai real estate","Google","Numbers","5","dubai real estate forecast for next 5 years","en","ae","0","-"
439,"dubai real estate","Google","Numbers","5","dubai top 5 real estate company","en","ae","0","-"
440,"dubai real estate","Google","Numbers","5","dubai real estate market predictions for next 5 years","en","ae","0","-"
441,"dubai real estate","Google","Numbers","5","legal 500 dubai real estate","en","ae","0","-"
442,"dubai real estate","Google","Numbers","5","52 real estate dubai","en","ae","0","-"
443,"dubai real estate","Google","Numbers","6","dubai real estate 60 down","en","ae","0","-"
444,"dubai real estate","Google","Numbers","6","dubai real estate 60","en","ae","0","-"
445,"dubai real estate","Google","Numbers","7","7dre real estate dubai","en","ae","0","-"
446,"dubai real estate","Google","Numbers","7","72 real estate dubai","en","ae","0","-"
447,"dubai real estate","Google","Numbers","7","77 real estate dubai","en","ae","0","-"
448,"dubai real estate","Google","Numbers","7","7 real estate dubai","en","ae","0","-"
449,"dubai real estate","Google","Numbers","8","sbk real estate 8c street dubai","en","ae","320","-"
450,"dubai real estate","Google","Numbers","8","888 real estate dubai","en","ae","0","-"
451,"dubai real estate","Google","Numbers","9","99 real estate dubai","en","ae","20","-"
452,"dubai real estate","Google","Numbers","9","971 real estate dubai","en","ae","0","-"
453,"dubai real estate","Google","Prepositions","can","can i buy dubai real estate index","en","ae","0","-"
454,"dubai real estate","Google","Prepositions","can","can you short dubai real estate","en","ae","0","-"
455,"dubai real estate","Google","Prepositions","for","dubai real estate for sale","en","ae","590","5.59"
456,"dubai real estate","Google","Prepositions","for","dubai real estate for rent","en","ae","30","-"
457,"dubai real estate","Google","Prepositions","for","dubai real estate jobs for indian","en","ae","10","-"
458,"dubai real estate","Google","Prepositions","for","dubai real estate jobs for freshers","en","ae","10","0.57"
459,"dubai real estate","Google","Prepositions","for","dubai real estate for investment","en","ae","0","-"
460,"dubai real estate","Google","Prepositions","for","dubai real estate for buy","en","ae","0","-"
461,"dubai real estate","Google","Prepositions","is","is real estate a good career in dubai","en","ae","20","-"
462,"dubai real estate","Google","Prepositions","is","what is the future of dubai real estate","en","ae","10","-"
463,"dubai real estate","Google","Prepositions","is","dubai real estate is booming","en","ae","10","-"
464,"dubai real estate","Google","Prepositions","is","dubai real estate is down","en","ae","0","-"
465,"dubai real estate","Google","Prepositions","is","dubai real estate is crashing","en","ae","0","-"
466,"dubai real estate","Google","Prepositions","is","dubai real estate is falling","en","ae","0","-"
467,"dubai real estate","Google","Prepositions","is","dubai real estate is going down","en","ae","0","-"
468,"dubai real estate","Google","Prepositions","is","dubai real estate is a bubble","en","ae","0","-"
469,"dubai real estate","Google","Prepositions","is","dubai real estate index what is it","en","ae","0","-"
470,"dubai real estate","Google","Prepositions","near","dubai real estate near me","en","ae","0","-"
471,"dubai real estate","Google","Prepositions","near","real estate near dubai","en","ae","0","-"
472,"dubai real estate","Google","Prepositions","near","real estate near dubai international city","en","ae","0","-"
473,"dubai real estate","Google","Prepositions","near","rocky real estate near dubai","en","ae","0","-"
474,"dubai real estate","Google","Prepositions","near","real estate near bur dubai","en","ae","0","-"
475,"dubai real estate","Google","Prepositions","near","real estate companies in dubai near me","en","ae","0","-"
476,"dubai real estate","Google","Prepositions","near","real estate companies near dubai","en","ae","0","-"
477,"dubai real estate","Google","Prepositions","to","dubai real estate to buy","en","ae","0","-"
478,"dubai real estate","Google","Prepositions","to","dubai real estate to crash","en","ae","0","-"
479,"dubai real estate","Google","Prepositions","to","dubai real estate to rent","en","ae","0","-"
480,"dubai real estate","Google","Prepositions","to","dubai real estate to fall","en","ae","0","-"
481,"dubai real estate","Google","Prepositions","to","dubai real estate to drop","en","ae","0","-"
482,"dubai real estate","Google","Prepositions","to","dubai real estate market to crash","en","ae","0","-"
483,"dubai real estate","Google","Prepositions","to","dubai real estate prices to drop","en","ae","0","-"
484,"dubai real estate","Google","Prepositions","with","dubai real estate jobs with salary","en","ae","10","1.44"
485,"dubai real estate","Google","Prepositions","with","dubai real estate with war","en","ae","0","-"
486,"dubai real estate","Google","Prepositions","without","real estate jobs in dubai without experience salary","en","ae","0","-"
487,"dubai real estate","Google","Questions","are","are dubai real estate prices dropping","en","ae","0","-"
488,"dubai real estate","Google","Questions","how","how is dubai real estate market","en","ae","20","2.95"
489,"dubai real estate","Google","Questions","how","how dubai real estate works","en","ae","10","-"
490,"dubai real estate","Google","Questions","how","how dubai real estate","en","ae","0","-"
491,"dubai real estate","Google","Questions","how","how is dubai real estate market now","en","ae","0","-"
492,"dubai real estate","Google","Questions","how","how is dubai real estate now","en","ae","0","-"
493,"dubai real estate","Google","Questions","how","how to invest dubai real estate","en","ae","0","-"
494,"dubai real estate","Google","Questions","how","how to become dubai real estate agent","en","ae","0","-"
495,"dubai real estate","Google","Questions","how","how to get dubai real estate license","en","ae","0","-"
496,"dubai real estate","Google","Questions","how","how to invest dubai real estate index","en","ae","0","-"
497,"dubai real estate","Google","Questions","how","how to buy dubai real estate","en","ae","0","-"
498,"dubai real estate","Google","Questions","how","how much is dubai real estate down","en","ae","0","-"
499,"dubai real estate","Google","Questions","how","how to invest dubai real estate with little money","en","ae","0","-"
500,"dubai real estate","Google","Questions","how","how to invest dubai real estate index from india","en","ae","0","-"
501,"dubai real estate","Google","Questions","what","what is dubai real estate","en","ae","20","-"
502,"dubai real estate","Google","Questions","what","what is dubai real estate index","en","ae","0","-"
503,"dubai real estate","Google","Questions","what","what is dubai real estate market","en","ae","0","-"
504,"dubai real estate","Google","Questions","what","what is dubai real estate corporation","en","ae","0","-"
505,"dubai real estate","Google","Questions","what","what is real estate in dubai price","en","ae","0","-"
506,"dubai real estate","Google","Questions","when","when will dubai real estate crash","en","ae","10","-"
507,"dubai real estate","Google","Questions","when","when will dubai real estate go down","en","ae","0","-"
508,"dubai real estate","Google","Questions","when","when will dubai real estate market crash","en","ae","0","-"
509,"dubai real estate","Google","Questions","when","when did dubai real estate start","en","ae","0","-"
510,"dubai real estate","Google","Questions","when","when will real estate prices drop in dubai","en","ae","0","-"
511,"dubai real estate","Google","Questions","where","where to invest in dubai real estate","en","ae","10","4.53"
512,"dubai real estate","Google","Questions","where","where to buy dubai real estate","en","ae","0","-"
513,"dubai real estate","Google","Questions","why","why dubai real estate","en","ae","40","1.77"
514,"dubai real estate","Google","Questions","why","why dubai real estate is booming","en","ae","10","1.68"
515,"dubai real estate","Google","Questions","why","why dubai real estate is falling","en","ae","0","-"
516,"dubai real estate","Google","Questions","why","why dubai for real estate investment","en","ae","0","-"
517,"dubai real estate","Google","Questions","why","why is dubai real estate crashing","en","ae","0","-"
518,"dubai real estate","Google","Questions","will","will dubai real estate crash","en","ae","40","-"
519,"dubai real estate","Google","Questions","will","will dubai real estate market crash","en","ae","10","-"
520,"dubai real estate","Google","Questions","will","will dubai real estate crash in 2025","en","ae","10","-"
521,"dubai real estate","Google","Questions","will","will dubai real estate crash due to war","en","ae","0","-"
522,"dubai real estate","Google","Questions","will","will dubai real estate prices go down","en","ae","0","-"
523,"dubai real estate","Google","Questions","will","will dubai real estate recover","en","ae","0","-"
524,"dubai real estate","Google","Questions","will","will dubai real estate bounce back","en","ae","0","-"
525,"dubai real estate","Google","Questions","will","will dubai real estate recovery","en","ae","0","-"
526,"dubai real estate","Google","Questions","will","will dubai real estate go down","en","ae","0","-"
527,"dubai real estate","Google","Questions","will","will dubai real estate crash in 2026","en","ae","0","-"
528,"dubai real estate","Google","Questions","will","will dubai real estate collapse","en","ae","0","-"
529,"dubai real estate","Google","Questions","will","will dubai real estate fall","en","ae","0","-"
530,"dubai real estate","Google","Questions","will","will dubai real estate crash reddit","en","ae","0","-"
531,"dubai real estate","Google","Questions","will","will dubai real estate crash after war","en","ae","0","-"
532,"dubai real estate","Google","Questions","will","will dubai real estate crash after iran war","en","ae","0","-"
533,"dubai real estate","Google","Related","-","dubai real estate co","en","ae","8.1K","3.98"
534,"dubai real estate","Google","Related","-","dubai real estate company","en","ae","6.6K","4.11"
535,"dubai real estate","Google","Related","-"," dubai real estate","en","ae","6.6K","4.335"
536,"dubai real estate","Google","Related","-","dubai real estate companies","en","ae","5.4K","2.47"
537,"dubai real estate","Google","Related","-","dubai real estate agents","en","ae","5.4K","5.5"
538,"dubai real estate","Google","Related","-","dubai real estate agency","en","ae","4.4K","4.25"
539,"dubai real estate","Google","Related","-","dubai real estate centre","en","ae","3.6K","1.36"
540,"dubai real estate","Google","Related","-"," dubai real estate agency","en","ae","3.6K","4.975"
541,"dubai real estate","Google","Related","-","dubai real estate news","en","ae","2.9K","1.91"
542,"dubai real estate","Google","Related","-","dubai real estate developer","en","ae","2.9K","5.49"
543,"dubai real estate","Google","Related","-","zomorrodah building dubai real estate centre","en","ae","2.4K","1.96"
544,"dubai real estate","Google","Related","-","dubai real estate developers","en","ae","2.4K","3.57"
545,"dubai real estate","Google","Related","-","al ferdous 4 dubai real estate centre","en","ae","1.9K","-"
546,"dubai real estate","Google","Related","-","invest dubai real estate","en","ae","1.9K","7.59"
547,"dubai real estate","Google","Related","-","dubai real estate index","en","ae","1.6K","2.56"
548,"dubai real estate","Google","Related","-","investment in dubai real estate","en","ae","1.6K","7.68"
549,"dubai real estate","Google","Related","-","jobs in dubai real estate","en","ae","1.3K","0.42"
550,"dubai real estate","Google","Related","-","dubai real estate luxury","en","ae","1.3K","4.98"
551,"dubai real estate","Google","Related","-","dubai real estate market","en","ae","1.3K","5.02"
552,"dubai real estate","Google","Related","-","dubai real estate invest","en","ae","1.3K","5.1"
553,"dubai real estate","Google","Related","-","dubai real estate management","en","ae","1.3K","7.95"
554,"dubai real estate","Google","Related","-","buy dubai real estate","en","ae","1.3K","7.97"
555,"dubai real estate","Google","Related","-","dubai real estate management company","en","ae","1.0K","5.255"
556,"dubai real estate","Google","Related","-"," dubai real estate investment","en","ae","1.0K","6.425"
557,"dubai real estate","Google","Related","-","luxury dubai real estate","en","ae","1.0K","6.63"
558,"dubai real estate","Google","Related","-","dubai real estate job","en","ae","880","0.245"
559,"dubai real estate","Google","Related","-","best dubai real estate agents","en","ae","880","4.53"
560,"dubai real estate","Google","Related","-","al ferdous 3 dubai real estate centre","en","ae","720","-"
561,"dubai real estate","Google","Related","-","dubai real estate prices decline","en","ae","720","-"
562,"dubai real estate","Google","Related","-","jobs dubai real estate","en","ae","720","0.4"
563,"dubai real estate","Google","Related","-","dubai real estate corporation","en","ae","720","3.12"
564,"dubai real estate","Google","Related","-","dubai real estate tokenization prypco mint","en","ae","590","-"
565,"dubai real estate","Google","Related","-","dubai real estate corporation hq","en","ae","590","0.58"
566,"dubai real estate","Google","Related","-","dubai real estate developers list","en","ae","590","2.63"
567,"dubai real estate","Google","Related","-","dubai real estate sales","en","ae","590","4.34"
568,"dubai real estate","Google","Related","-","dubai real estate lawyers","en","ae","590","22.35"
569,"dubai real estate","Google","Related","-","dubai real estate transactions","en","ae","480","1.49"
570,"dubai real estate","Google","Related","-","dubai real estate company list","en","ae","480","2.335"
571,"dubai real estate","Google","Related","-","dubai real estate crash","en","ae","480","8.54"
572,"dubai real estate","Google","Related","-","dubai real estate headquarters","en","ae","390","0.11"
573,"dubai real estate","Google","Related","-","dubai real estate companies list","en","ae","390","2.69"
574,"dubai real estate","Google","Related","-","dubai real estate buy","en","ae","390","9.52"
575,"dubai real estate","Google","Related","-","dubai real estate shift to suburbs","en","ae","320","-"
576,"dubai real estate","Google","Related","-","dubai real estate development 2025","en","ae","320","2.98"
577,"dubai real estate","Google","Related","-","dubai real estate price","en","ae","320","3.24"
578,"dubai real estate","Google","Related","-","dubai real estate license","en","ae","320","4.49"
579,"dubai real estate","Google","Related","-","dubai real estate reddit","en","ae","320","7.33"
580,"dubai real estate","Google","Related","-","dubai real estate map","en","ae","260","1.78"
581,"dubai real estate","Google","Related","-","dubai real estate prices","en","ae","260","1.97"
582,"dubai real estate","Google","Related","-","dubai real estate institute","en","ae","260","2.02"
583,"dubai real estate","Google","Related","-","dubai real estate course","en","ae","260","2.41"
584,"dubai real estate","Google","Related","-","dubai real estate agent license","en","ae","260","2.77"
585,"dubai real estate","Google","Related","-","dubai real estate sites","en","ae","260","3.08"
586,"dubai real estate","Google","Related","-","international city dubai real estate","en","ae","260","3.79"
587,"dubai real estate","Google","Related","-","dubai real estate firms","en","ae","210","3.1"
588,"dubai real estate","Google","Related","-","dubai real estate agents list","en","ae","210","4.12"
589,"dubai real estate","Google","Related","-","dubai real estate events","en","ae","210","4.6"
590,"dubai real estate","Google","Related","-","dubai real estate market forecast 2025","en","ae","210","4.93"
591,"dubai real estate","Google","Related","-","dubai real estate broker license","en","ae","210","5.55"
592,"dubai real estate","Google","Related","-","dubai real estate palm jumeirah","en","ae","210","6.12"
593,"dubai real estate","Google","Related","-","dubai real estate development","en","ae","210","8.08"
594,"dubai real estate","Google","Related","-","dubai real estate prices drop","en","ae","170","-"
595,"dubai real estate","Google","Related","-","dubai real estate lawsuit dismissed","en","ae","170","-"
596,"dubai real estate","Google","Related","-","forest hills dubai real estate","en","ae","170","-"
597,"dubai real estate","Google","Related","-","reddit dubai real estate","en","ae","170","-"
598,"dubai real estate","Google","Related","-","dubai real estate market outlook","en","ae","170","-"
599,"dubai real estate","Google","Related","-","dubai real estate agent salary","en","ae","170","0.63"
600,"dubai real estate","Google","Related","-","jll dubai real estate","en","ae","170","0.9"
601,"dubai real estate","Google","Related","-","dubai real estate site","en","ae","170","2.07"
602,"dubai real estate","Google","Related","-","dubai real estate news today","en","ae","170","2.91"
603,"dubai real estate","Google","Related","-","dubai real estate data","en","ae","170","3.05"
604,"dubai real estate","Google","Related","-","dubai real estate development companies","en","ae","170","4.2"
605,"dubai real estate","Google","Related","-","dubai real estate center","en","ae","170","5.56"
606,"dubai real estate","Google","Related","-","how to invest in dubai real estate","en","ae","170","7.59"
607,"dubai real estate","Google","Related","-","dubai real estate business","en","ae","170","8.11"
608,"dubai real estate","Google","Related","-","hamptons dubai real estate","en","ae","170","9.51"
609,"dubai real estate","Google","Related","-","dubai real estate agent jobs","en","ae","140","0.64"
610,"dubai real estate","Google","Related","-","dubai real estate institute drei","en","ae","140","1.755"
611,"dubai real estate","Google","Related","-","dubai real estate index chart","en","ae","140","2.13"
612,"dubai real estate","Google","Related","-","dubai real estate news latest","en","ae","140","4.095"
613,"dubai real estate","Google","Related","-","in dubai real estate real estate agency in dubai","en","ae","110","-"
614,"dubai real estate","Google","Related","-","why invest in dubai real estate","en","ae","110","1.07"
615,"dubai real estate","Google","Related","-","dubai real estate market trend","en","ae","110","2.71"
616,"dubai real estate","Google","Related","-","dubai real estate brokers list","en","ae","110","2.73"
617,"dubai real estate","Google","Related","-","bur dubai real estate","en","ae","110","3.57"
618,"dubai real estate","Google","Related","-","downtown dubai real estate","en","ae","110","4.605"
619,"dubai real estate","Google","Related","-","dubai real estate property","en","ae","110","4.84"
620,"dubai real estate","Google","Related","-","dubai real estate q1 2025","en","ae","90","-"
621,"dubai real estate","Google","Related","-","dubai real estate 2025 rents","en","ae","90","-"
622,"dubai real estate","Google","Related","-","dubai real estate market index","en","ae","90","2.05"
623,"dubai real estate","Google","Related","-","dubai real estate consultant","en","ae","90","2.545"
624,"dubai real estate","Google","Related","-","dubai real estate photographer","en","ae","90","2.89"
625,"dubai real estate","Google","Related","-","dubai real estate listings","en","ae","90","4.28"
626,"dubai real estate","Google","Related","-","dubai real estate off plan","en","ae","90","6.35"
627,"dubai real estate","Google","Related","-"," how to invest in dubai real estate","en","ae","90","6.4"
628,"dubai real estate","Google","Related","-","dubai real estate commission","en","ae","70","-"
629,"dubai real estate","Google","Related","-","dubai real estate regulatory agency","en","ae","70","1.18"
630,"dubai real estate","Google","Related","-","why to invest in dubai real estate","en","ae","70","1.885"
631,"dubai real estate","Google","Related","-","dubai real estate market news","en","ae","70","2.1"
632,"dubai real estate","Google","Related","-","dubai real estate trends","en","ae","70","2.34"
633,"dubai real estate","Google","Related","-","dubai real estate photography","en","ae","70","2.585"
634,"dubai real estate","Google","Related","-","dubai real estate strategy 2033","en","ae","70","2.88"
635,"dubai real estate","Google","Related","-","dubai real estate transactions 2025","en","ae","70","3.15"
636,"dubai real estate","Google","Related","-","dubai real estate exhibition","en","ae","70","3.46"
637,"dubai real estate","Google","Related","-","better homes dubai real estate","en","ae","70","3.955"
638,"dubai real estate","Google","Related","-","dubai real estate law","en","ae","70","7.22"
639,"dubai real estate","Google","Related","-","dubai real estate office","en","ae","50","-"
640,"dubai real estate","Google","Related","-","dubai real estate corporation login","en","ae","50","-"
641,"dubai real estate","Google","Related","-","chinese russian dubai real estate investments","en","ae","50","-"
642,"dubai real estate","Google","Related","-","is dubai real estate a bubble","en","ae","50","-"
643,"dubai real estate","Google","Related","-","dubai real estate advertising","en","ae","50","-"
644,"dubai real estate","Google","Related","-","dubai real estate agent commission","en","ae","50","-"
645,"dubai real estate","Google","Related","-","dubai real estate market stability","en","ae","50","-"
646,"dubai real estate","Google","Related","-","dubai real estate report","en","ae","50","1.6"
647,"dubai real estate","Google","Related","-","dubai real estate forecast","en","ae","50","1.93"
648,"dubai real estate","Google","Related","-","dubai real estate market analysis","en","ae","50","2.13"
649,"dubai real estate","Google","Related","-","dubai real estate future","en","ae","50","2.68"
650,"dubai real estate","Google","Related","-","dubai real estate news khaleej times","en","ae","50","2.68"
651,"dubai real estate","Google","Related","-","fitch dubai real estate","en","ae","50","3.25"
652,"dubai real estate","Google","Related","-","dubai real estate group","en","ae","50","3.61"
653,"dubai real estate","Google","Related","-","dubai real estate app","en","ae","50","4.02"
654,"dubai real estate","Google","Related","-","dubai real estate software","en","ae","50","7.44"
655,"dubai real estate","Google","Related","-","will dubai real estate crash","en","ae","40","-"
656,"dubai real estate","Google","Related","-","dubai real estate images","en","ae","40","-"
657,"dubai real estate","Google","Related","-","dubai real estate logo","en","ae","40","-"
658,"dubai real estate","Google","Related","-","dubai real estate laws and regulations","en","ae","40","-"
659,"dubai real estate","Google","Related","-","pdf dubai real estate map","en","ae","40","-"
660,"dubai real estate","Google","Related","-","dubai real estate salary","en","ae","40","0.79"
661,"dubai real estate","Google","Related","-","dubai real estate rent","en","ae","40","1.05"
662,"dubai real estate","Google","Related","-","dubai real estate burj khalifa","en","ae","40","1.15"
663,"dubai real estate","Google","Related","-","dubai real estate market forecast 2030","en","ae","40","1.265"
664,"dubai real estate","Google","Related","-","dubai real estate corporation wasl","en","ae","40","1.465"
665,"dubai real estate","Google","Related","-","dubai real estate market report","en","ae","40","1.63"
666,"dubai real estate","Google","Related","-","why dubai real estate","en","ae","40","1.77"
667,"dubai real estate","Google","Related","-","dubai real estate map pdf","en","ae","40","2.29"
668,"dubai real estate","Google","Related","-","drn dubai real estate","en","ae","40","2.48"
669,"dubai real estate","Google","Related","-","future of dubai real estate","en","ae","40","2.57"
670,"dubai real estate","Google","Related","-","dubai real estate project status","en","ae","40","2.81"
671,"dubai real estate","Google","Related","-","dubai real estate price index","en","ae","40","2.87"
672,"dubai real estate","Google","Related","-","dubai real estate market 2025","en","ae","40","3.025"
673,"dubai real estate","Google","Related","-","dubai real estate expo","en","ae","40","3.77"
674,"dubai real estate","Google","Related","-","dubai real estate market 2026","en","ae","40","3.95"
675,"dubai real estate","Google","Related","-","dubai real estate whatsapp group link","en","ae","40","5.62"
676,"dubai real estate","Google","Related","-","dubai real estate valuation","en","ae","40","8.31"
677,"dubai real estate","Google","Related","-","dubai real estate market 2024","en","ae","30","-"
678,"dubai real estate","Google","Related","-","dubai real estate for rent","en","ae","30","-"
679,"dubai real estate","Google","Related","-","dubai real estate update","en","ae","30","-"
680,"dubai real estate","Google","Related","-","news dubai real estate","en","ae","30","-"
681,"dubai real estate","Google","Related","-","dubai real estate statistics","en","ae","30","1.65"
682,"dubai real estate","Google","Related","-"," dubai real estate 2026","en","ae","30","1.825"
683,"dubai real estate","Google","Related","-","dubai real estate show","en","ae","30","2"
684,"dubai real estate","Google","Related","-","dubai real estate price chart","en","ae","30","2.005"
685,"dubai real estate","Google","Related","-","dubai real estate analysis","en","ae","30","2.01"
686,"dubai real estate","Google","Related","-","palm island dubai real estate","en","ae","30","2.07"
687,"dubai real estate","Google","Related","-","dubai real estate blog","en","ae","30","2.835"
688,"dubai real estate","Google","Related","-","dubai real estate crowdfunding","en","ae","30","3.725"
689,"dubai real estate","Google","Related","-","dubai real estate fund","en","ae","30","3.94"
690,"dubai real estate","Google","Related","-","sotheby's dubai real estate","en","ae","30","4.755"
691,"dubai real estate","Google","Related","-","best area to invest in dubai real estate","en","ae","30","5.42"
692,"dubai real estate","Google","Related","-","dubai real estate market forecast","en","ae","30","7.45"
693,"dubai real estate","Google","Related","-","dubai real estate photos","en","ae","20","-"
694,"dubai real estate","Google","Related","-","dubai real estate sector strategy 2033","en","ae","20","-"
695,"dubai real estate","Google","Related","-","dubai real estate outlook","en","ae","20","-"
696,"dubai real estate","Google","Related","-","dubai real estate forecast 2026","en","ae","20","-"
697,"dubai real estate","Google","Related","-","dubai real estate center building","en","ae","20","-"
698,"dubai real estate","Google","Related","-","reasons to invest in dubai real estate","en","ae","20","-"
699,"dubai real estate","Google","Related","-","dubai real estate hashtags","en","ae","20","-"
700,"dubai real estate","Google","Related","-","is dubai real estate slowing down","en","ae","20","-"
701,"dubai real estate","Google","Related","-","dubai real estate instagram","en","ae","20","-"
702,"dubai real estate","Google","Related","-","iran war impact on dubai real estate","en","ae","20","-"
703,"dubai real estate","Google","Related","-","dubai real estate market surge","en","ae","20","-"
704,"dubai real estate","Google","Related","-","what is dubai real estate","en","ae","20","-"
705,"dubai real estate","Google","Related","-","dubai real estate growth","en","ae","20","-"
706,"dubai real estate","Google","Related","-","dubai real estate forecast 2025","en","ae","20","-"
707,"dubai real estate","Google","Related","-","dubai real estate authority","en","ae","20","-"
708,"dubai real estate","Google","Related","-","vivek oberoi dubai real estate company","en","ae","20","-"
709,"dubai real estate","Google","Related","-","dubai real estate ads","en","ae","20","-"
710,"dubai real estate","Google","Related","-","dubai real estate government","en","ae","20","-"
711,"dubai real estate","Google","Related","-","dubai real estate course online free","en","ae","20","1.33"
712,"dubai real estate","Google","Related","-","dubai real estate training","en","ae","20","1.45"
713,"dubai real estate","Google","Related","-","dubai real estate market statistics","en","ae","20","1.635"
714,"dubai real estate","Google","Related","-","dubai real estate knowledge","en","ae","20","1.75"
715,"dubai real estate","Google","Related","-","dubai real estate graph","en","ae","20","1.8"
716,"dubai real estate","Google","Related","-","dubai real estate company names","en","ae","20","1.915"
717,"dubai real estate","Google","Related","-","dubai real estate market graph","en","ae","20","1.95"
718,"dubai real estate","Google","Related","-","dubai real estate market forecasts","en","ae","20","2.025"
719,"dubai real estate","Google","Related","-","dubai real estate trends 2025","en","ae","20","2.255"
720,"dubai real estate","Google","Related","-","dubai real estate conference","en","ae","20","2.415"
721,"dubai real estate","Google","Related","-","dubai real estate stats","en","ae","20","2.515"
722,"dubai real estate","Google","Related","-","dubai real estate roi","en","ae","20","2.52"
723,"dubai real estate","Google","Related","-","the essential guide to the dubai real estate market","en","ae","20","2.585"
724,"dubai real estate","Google","Related","-","roi in dubai real estate","en","ae","20","2.875"
725,"dubai real estate","Google","Related","-","how is dubai real estate market","en","ae","20","2.95"
726,"dubai real estate","Google","Related","-","dubai real estate book","en","ae","20","3.17"
727,"dubai real estate","Google","Related","-","stake dubai real estate","en","ae","20","3.99"
728,"dubai real estate","Google","Related","-","dubai real estate builder","en","ae","20","4.52"
729,"dubai real estate","Google","Related","-","dubai real estate contact number","en","ae","20","4.525"
730,"dubai real estate","Google","Related","-","dubai real estate building","en","ae","20","4.69"
731,"dubai real estate","Google","Related","-","dubai real estate investment company","en","ae","20","5.75"
732,"dubai real estate","Google","Related","-","brokers in dubai real estate","en","ae","20","6"
733,"dubai real estate","Google","Related","-","dubai real estate investment opportunities","en","ae","20","6.135"
734,"dubai real estate","Google","Related","-","dubai real estate villa","en","ae","20","6.17"
735,"dubai real estate","Google","Related","-","dubai real estate leads","en","ae","20","6.97"
736,"dubai real estate","Google","Related","-","dubai real estate investment app","en","ae","20","8.335"
737,"dubai real estate","Google","Related","-","dubai real estate report 2025","en","ae","10","-"
738,"dubai real estate","Google","Related","-","how to get a job in dubai real estate","en","ae","10","-"
739,"dubai real estate","Google","Related","-","dubai real estate malayalam","en","ae","10","-"
740,"dubai real estate","Google","Related","-","dubai real estate market growth 2025","en","ae","10","-"
741,"dubai real estate","Google","Related","-","dubai real estate and construction","en","ae","10","-"
742,"dubai real estate","Google","Related","-","dubai real estate internship","en","ae","10","-"
743,"dubai real estate","Google","Related","-","how to get job in dubai real estate","en","ae","10","-"
744,"dubai real estate","Google","Related","-","dubai real estate post","en","ae","10","-"
745,"dubai real estate","Google","Related","-","dubai real estate net","en","ae","10","-"
746,"dubai real estate","Google","Related","-","podcast dubai real estate","en","ae","10","-"
747,"dubai real estate","Google","Related","-","dubai real estate market forecast 2024","en","ae","10","-"
748,"dubai real estate","Google","Related","-","dubai real estate tamil","en","ae","10","-"
749,"dubai real estate","Google","Related","-","why invest in dubai real estate 2022","en","ae","10","-"
750,"dubai real estate","Google","Related","-","is dubai real estate market going down","en","ae","10","-"
751,"dubai real estate","Google","Related","-","dubai real estate jobs for indian","en","ae","10","-"
752,"dubai real estate","Google","Related","-","dubai real estate map 2026","en","ae","10","-"
753,"dubai real estate","Google","Related","-","why is dubai real estate booming","en","ae","10","-"
754,"dubai real estate","Google","Related","-","dubai real estate blockchain investment portal","en","ae","10","-"
755,"dubai real estate","Google","Related","-","dubai real estate forecast 2023","en","ae","10","-"
756,"dubai real estate","Google","Related","-","dubai real estate recovery","en","ae","10","-"
757,"dubai real estate","Google","Related","-","why invest in dubai real estate 2023","en","ae","10","-"
758,"dubai real estate","Google","Related","-","dubai real estate 2008","en","ae","10","-"
759,"dubai real estate","Google","Related","-","dubai real estate launches","en","ae","10","-"
760,"dubai real estate","Google","Related","-","dubai real estate institute contact number","en","ae","10","-"
761,"dubai real estate","Google","Related","-","dubai real estate news 2024","en","ae","10","-"
762,"dubai real estate","Google","Related","-","dubai real estate market report 2022","en","ae","10","-"
763,"dubai real estate","Google","Related","-","dubai real estate price drop","en","ae","10","-"
764,"dubai real estate","Google","Related","-","dubai real estate agent search","en","ae","10","-"
765,"dubai real estate","Google","Related","-","dubai real estate prices falling","en","ae","10","-"
766,"dubai real estate","Google","Related","-","invest in dubai real estate from canada","en","ae","10","-"
767,"dubai real estate","Google","Related","-","dubai real estate office location","en","ae","10","-"
768,"dubai real estate","Google","Related","-","dubai real estate problem","en","ae","10","-"
769,"dubai real estate","Google","Related","-","dubai real estate bbc","en","ae","10","-"
770,"dubai real estate","Google","Related","-","dubai real estate historical prices","en","ae","10","-"
771,"dubai real estate","Google","Related","-","dubai real estate world","en","ae","10","-"
772,"dubai real estate","Google","Related","-","dubai real estate house","en","ae","10","-"
773,"dubai real estate","Google","Related","-","south dubai real estate","en","ae","10","-"
774,"dubai real estate","Google","Related","-","reality of dubai real estate","en","ae","10","-"
775,"dubai real estate","Google","Related","-","dubai real estate predictions 2023","en","ae","10","-"
776,"dubai real estate","Google","Related","-","dubai real estate prices surge","en","ae","10","-"
777,"dubai real estate","Google","Related","-","dubai real estate sector","en","ae","10","-"
778,"dubai real estate","Google","Related","-","dubai real estate corporation address","en","ae","10","-"
779,"dubai real estate","Google","Related","-","dubai real estate news market trends","en","ae","10","-"
780,"dubai real estate","Google","Related","-","first dubai real estate development company","en","ae","10","-"
781,"dubai real estate","Google","Related","-","dubai real estate market transactions 2024","en","ae","10","-"
782,"dubai real estate","Google","Related","-","dubai real estate channel 4","en","ae","10","-"
783,"dubai real estate","Google","Related","-","dubai real estate 2014","en","ae","10","-"
784,"dubai real estate","Google","Related","-","dubai real estate department","en","ae","10","-"
785,"dubai real estate","Google","Related","-","dubai real estate history","en","ae","10","-"
786,"dubai real estate","Google","Related","-","is dubai real estate really a goldmine","en","ae","10","-"
787,"dubai real estate","Google","Related","-","dubai real estate tour","en","ae","10","-"
788,"dubai real estate","Google","Related","-","dubai real estate couple","en","ae","10","-"
789,"dubai real estate","Google","Related","-","dubai real estate down","en","ae","10","-"
790,"dubai real estate","Google","Related","-","how much do dubai real estate agents make","en","ae","10","-"
791,"dubai real estate","Google","Related","-","dubai real estate 2026","en","ae","10","-"
792,"dubai real estate","Google","Related","-","new dubai real estate","en","ae","10","-"
793,"dubai real estate","Google","Related","-","dubai real estate average price","en","ae","10","-"
794,"dubai real estate","Google","Related","-","dubai real estate drop","en","ae","10","-"
795,"dubai real estate","Google","Related","-","dubai real estate market overview 2022","en","ae","10","-"
796,"dubai real estate","Google","Related","-","all about dubai real estate","en","ae","10","-"
797,"dubai real estate","Google","Related","-","greenwood dubai real estate investment","en","ae","10","-"
798,"dubai real estate","Google","Related","-","dubai real estate property transactions","en","ae","10","-"
799,"dubai real estate","Google","Related","-","dubai real estate companies in india","en","ae","10","-"
800,"dubai real estate","Google","Related","-","dubai real estate sales jobs","en","ae","10","-"
801,"dubai real estate","Google","Related","-","dubai real estate names","en","ae","10","1.39"
802,"dubai real estate","Google","Related","-","dubai real estate situation","en","ae","10","1.4"
803,"dubai real estate","Google","Related","-","dubai real estate jobs with salary","en","ae","10","1.44"
804,"dubai real estate","Google","Related","-","heat map dubai real estate","en","ae","10","1.77"
805,"dubai real estate","Google","Related","-","panic selling dubai real estate","en","ae","10","1.935"
806,"dubai real estate","Google","Related","-","why should you invest in dubai real estate","en","ae","10","2.26"
807,"dubai real estate","Google","Related","-","dubai real estate share price","en","ae","10","2.295"
808,"dubai real estate","Google","Related","-","dubai real estate license cost","en","ae","10","2.64"
809,"dubai real estate","Google","Related","-","golden visa dubai real estate investment","en","ae","10","2.755"
810,"dubai real estate","Google","Related","-","dubai real estate company profile pdf","en","ae","10","3.005"
811,"dubai real estate","Google","Related","-","dubai real estate list","en","ae","10","3.025"
812,"dubai real estate","Google","Related","-","dubai real estate offer","en","ae","10","3.055"
813,"dubai real estate","Google","Related","-","dubai real estate market today","en","ae","10","3.19"
814,"dubai real estate","Google","Related","-","is dubai real estate a good investment","en","ae","10","3.385"
815,"dubai real estate","Google","Related","-","dubai real estate open now","en","ae","10","3.44"
816,"dubai real estate","Google","Related","-","dubai real estate portal","en","ae","10","3.58"
817,"dubai real estate","Google","Related","-","top dubai real estate companies","en","ae","10","3.895"
818,"dubai real estate","Google","Related","-","in dubai real estate","en","ae","10","4.08"
819,"dubai real estate","Google","Related","-","dubai real estate mortgage rise","en","ae","10","4.375"
820,"dubai real estate","Google","Related","-","where to invest in dubai real estate","en","ae","10","4.53"
821,"dubai real estate","Google","Related","-","dubai real estate videos","en","ae","10","6.57"
822,"dubai real estate","Google","Related","-","dubai real estate brochure pdf","en","ae","10","9.62"
823,"dubai real estate","Google","Related","-","vitaly dubai real estate","en","ae","0","-"
824,"dubai real estate","Google","Related","-","dubai real estate expo hyderabad","en","ae","0","-"
825,"dubai real estate","Google","Related","-","dubai real estate vancouver","en","ae","0","-"
826,"dubai real estate","Google","Related","-","dubai real estate agent job","en","ae","0","-"
827,"dubai real estate","Google","Related","-","dubai real estate debt spree","en","ae","0","-"
828,"dubai real estate","Google","Related","-","dubai real estate agent of the year","en","ae","0","-"
829,"dubai real estate","Google","Related","-","al jaddaf dubai real estate","en","ae","0","-"
830,"dubai real estate","Google","Related","-","where can i buy dubai real estate index","en","ae","0","-"
831,"dubai real estate","Google","Related","-","cma dubai real estate","en","ae","0","-"
832,"dubai real estate","Google","Related","-","dubai real estate exams","en","ae","0","-"
833,"dubai real estate","Google","Related","-","dubai real estate license price","en","ae","0","-"
834,"dubai real estate","Google","Related","-","map of dubai real estate","en","ae","0","-"
835,"dubai real estate","Google","Related","-","how to invest in dubai real estate fund","en","ae","0","-"
836,"dubai real estate","Google","Related","-","dubai real estate agents reviews","en","ae","0","-"
837,"dubai real estate","Google","Related","-","how to invest in dubai real estate index from canada","en","ae","0","-"
838,"dubai real estate","Google","Related","-","dubai real estate market performance","en","ae","0","-"
839,"dubai real estate","Google","Related","-","dubai real estate market roi","en","ae","0","-"
840,"dubai real estate","Google","Related","-","dubai real estate agent commissions","en","ae","0","-"
841,"dubai real estate","Google","Related","-","best dubai real estate companies to work for","en","ae","0","-"
842,"dubai real estate","Google","Related","-","dubai real estate investment calculator","en","ae","0","-"
843,"dubai real estate","Google","Related","-","dubai real estate market overview 2025","en","ae","0","-"
844,"dubai real estate","Google","Related","-","dubai real estate investors group","en","ae","0","-"
845,"dubai real estate","Google","Related","-","buy shares in dubai real estate","en","ae","0","-"
846,"dubai real estate","Google","Related","-","dubai real estate centre website","en","ae","0","-"
847,"dubai real estate","Google","Related","-","stake invest in dubai real estate","en","ae","0","-"
848,"dubai real estate","Google","Related","-","is dubai real estate investment good","en","ae","0","-"
849,"dubai real estate","Google","Related","-","xrp dubai real estate tokenization price prediction","en","ae","0","-"
850,"dubai real estate","Google","Related","-","why work in dubai real estate","en","ae","0","-"
851,"dubai real estate","Google","Related","-","who can invest in dubai real estate","en","ae","0","-"
852,"dubai real estate","Google","Related","-","best dubai real estate podcasts","en","ae","0","-"
853,"dubai real estate","Google","Related","-","dubai real estate companies careers","en","ae","0","-"
854,"dubai real estate","Google","Related","-","dubai real estate blog post","en","ae","0","-"
855,"dubai real estate","Google","Related","-","is dubai real estate down now","en","ae","0","-"
856,"dubai real estate","Google","Related","-","dubai real estate arabian business","en","ae","0","-"
857,"dubai real estate","Google","Related","-","dubai real estate after the war","en","ae","0","-"
858,"dubai real estate","Google","Related","-","upcoming projects in dubai real estate","en","ae","0","-"
859,"dubai real estate","Google","Related","-","dubai real estate up or down","en","ae","0","-"
860,"dubai real estate","Google","Related","-","dubai real estate market update today","en","ae","0","-"
861,"dubai real estate","Google","Related","-","dubai real estate prices after iran war","en","ae","0","-"
862,"dubai real estate","Google","Related","-","dubai real estate news india","en","ae","0","-"
863,"dubai real estate","Google","Related","-","dubai real estate news after war","en","ae","0","-"
864,"dubai real estate","Google","Related","-","etf for dubai real estate","en","ae","0","-"
865,"dubai real estate","Google","Related","-","dubai real estate ticker","en","ae","0","-"
866,"dubai real estate","Google","Related","-","advantages of investing in dubai real estate","en","ae","0","-"
867,"dubai real estate","Google","Related","-","top countries investing in dubai real estate","en","ae","0","-"
868,"dubai real estate","Google","Related","-","latest on dubai real estate","en","ae","0","-"
869,"dubai real estate","Google","Related","-","dubai real estate jvc","en","ae","0","-"
870,"dubai real estate","Google","Related","-","how to invest in dubai real estate step by step","en","ae","0","-"
871,"dubai real estate","Google","Related","-","dubai real estate posters","en","ae","0","-"
872,"dubai real estate","Google","Related","-","dubai real estate woman","en","ae","0","-"
873,"dubai real estate","Google","Related","-","dubai real estate brokers commissions","en","ae","0","-"
874,"dubai real estate","Google","Related","-","dubai real estate broker login","en","ae","0","-"
875,"dubai real estate","Google","Related","-","dubai real estate companies indian","en","ae","0","-"
876,"dubai real estate","Google","Related","-","why invest in dubai real estate in 2025","en","ae","0","-"
877,"dubai real estate","Google","Related","-","dubai real estate market supply","en","ae","0","-"
878,"dubai real estate","Google","Related","-","dubai real estate market july 2024","en","ae","0","-"
879,"dubai real estate","Google","Related","-","abu dhabi vs dubai real estate market","en","ae","0","-"
880,"dubai real estate","Google","Related","-","dubai real estate market report q3 2023","en","ae","0","-"
881,"dubai real estate","Google","Related","-","dubai real estate rizwan","en","ae","0","-"
882,"dubai real estate","Google","Related","-","minimum amount to invest in dubai real estate","en","ae","0","-"
883,"dubai real estate","Google","Related","-","dubai real estate latest news today","en","ae","0","-"
884,"dubai real estate","Google","Related","-","dubai real estate update today","en","ae","0","-"
885,"dubai real estate","Google","Related","-","dubai real estate high roi","en","ae","0","-"
886,"dubai real estate","Google","Related","-","dubai real estate corporation sublease renewal","en","ae","0","-"
887,"dubai real estate","Google","Related","-","invest in dubai real estate from australia","en","ae","0","-"
888,"dubai real estate","Google","Related","-","best crm for dubai real estate","en","ae","0","-"
889,"dubai real estate","Google","Related","-","dubai real estate lead generation services","en","ae","0","-"
890,"dubai real estate","Google","Related","-","dubai real estate agency launching video","en","ae","0","-"
891,"dubai real estate","Google","Related","-","roi in dubai real estate meaning","en","ae","0","-"
892,"dubai real estate","Google","Related","-","dubai real estate qr code","en","ae","0","-"
893,"dubai real estate","Google","Related","-","dubai real estate house for sale","en","ae","0","-"
894,"dubai real estate","Google","Related","-","the dubai real estate golden visa","en","ae","0","-"
895,"dubai real estate","Google","Related","-","dubai real estate 2023 forecast","en","ae","0","-"
896,"dubai real estate","Google","Related","-","dubai real estate april 2024","en","ae","0","-"
897,"dubai real estate","Google","Related","-","what is off plan in dubai real estate","en","ae","0","-"
898,"dubai real estate","Google","Related","-","biggest dubai real estate developers","en","ae","0","-"
899,"dubai real estate","Google","Related","-","dubai real estate market khaleej times","en","ae","0","-"
900,"dubai real estate","Google","Related","-","dubai real estate job vacancy","en","ae","0","-"
901,"dubai real estate","Google","Related","-","dubai real estate white","en","ae","0","-"
902,"dubai real estate","Google","Related","-","invest in dubai real estate stake","en","ae","0","-"
903,"dubai real estate","Google","Related","-","how to generate leads in dubai real estate","en","ae","0","-"
904,"dubai real estate","Google","Related","-","dubai real estate index etf","en","ae","0","-"
905,"dubai real estate","Google","Related","-","dubai real estate market trend last 10 years","en","ae","0","-"
906,"dubai real estate","Google","Related","-","dubai real estate growth forecast 2026","en","ae","0","-"
907,"dubai real estate","Google","Related","-","dubai real estate broker salary","en","ae","0","-"
908,"dubai real estate","Google","Related","-","investor visa dubai real estate","en","ae","0","-"
909,"dubai real estate","Google","Related","-","foreign investors in dubai real estate","en","ae","0","-"
910,"dubai real estate","Google","Related","-","dubai real estate house 53","en","ae","0","-"
911,"dubai real estate","Google","Related","-","dubai real estate zillow","en","ae","0","-"
912,"dubai real estate","Google","Related","-","dubai real estate guide 101","en","ae","0","-"
913,"dubai real estate","Google","Related","-","dubai real estate worth","en","ae","0","-"
914,"dubai real estate","Google","Related","-","dubai real estate agent cv","en","ae","0","-"
915,"dubai real estate","Google","Related","-","dubai real estate investment report","en","ae","0","-"
916,"dubai real estate","Google","Related","-","dubai real estate market trends in 2025","en","ae","0","-"
917,"dubai real estate","Google","Related","-","dubai real estate market guide","en","ae","0","-"
918,"dubai real estate","Google","Related","-","dubai real estate agencies list pdf","en","ae","0","-"
919,"dubai real estate","Google","Related","-","dubai real estate agencies list","en","ae","0","-"
920,"dubai real estate","Google","Related","-","what is dubai real estate like","en","ae","0","-"
921,"dubai real estate","Google","Related","-","dubai real estate agent contact number","en","ae","0","-"
922,"dubai real estate","Google","Related","-","dubai real estate agent pay","en","ae","0","-"
923,"dubai real estate","Google","Related","-","investment financing dubai real estate","en","ae","0","-"
924,"dubai real estate","Google","Related","-","dubai real estate teaser","en","ae","0","-"
925,"dubai real estate","Google","Related","-","global investors dubai real estate","en","ae","0","-"
926,"dubai real estate","Google","Related","-","seo topics for dubai real estate","en","ae","0","-"
927,"dubai real estate","Google","Related","-","dubai real estate youtube content ideas","en","ae","0","-"
928,"dubai real estate","Google","Related","-","financing options dubai real estate","en","ae","0","-"
929,"dubai real estate","Google","Related","-","valuation services dubai real estate","en","ae","0","-"
930,"dubai real estate","Google","Related","-","dubai real estate investment returns","en","ae","0","-"
931,"dubai real estate","Google","Related","-","become dubai real estate agent","en","ae","0","-"
932,"dubai real estate","Google","Related","-","investing in dubai real estate 2024","en","ae","0","-"
933,"dubai real estate","Google","Related","-","dubai real estate expo seattle","en","ae","0","-"
934,"dubai real estate","Google","Related","-","dubai real estate event in ahmedabad","en","ae","0","-"
935,"dubai real estate","Google","Related","-","dubai real estate expo singapore","en","ae","0","-"
936,"dubai real estate","Google","Related","-","dubai real estate market april 2025","en","ae","0","-"
937,"dubai real estate","Google","Related","-","dubai real estate live chart","en","ae","0","-"
938,"dubai real estate","Google","Related","-","dubai real estate warehouse","en","ae","0","-"
939,"dubai real estate","Google","Related","-","indian in dubai real estate","en","ae","0","-"
940,"dubai real estate","Google","Related","-","dubai real estate how to invest","en","ae","0","-"
941,"dubai real estate","Google","Related","-","trustee office dubai real estate","en","ae","0","-"
942,"dubai real estate","Google","Related","-","dubai real estate market appreciation","en","ae","0","-"
943,"dubai real estate","Google","Related","-","dubai real estate market downturn","en","ae","0","-"
944,"dubai real estate","Google","Related","-","apps for dubai real estate","en","ae","0","-"
945,"dubai real estate","Google","Related","-","ai agent dubai real estate","en","ae","0","-"
946,"dubai real estate","Google","Related","-","dubai real estate etf chart","en","ae","0","-"
947,"dubai real estate","Google","Related","-","dubai real estate live","en","ae","0","-"
948,"dubai real estate","Google","Related","-","why dubai real estate is cheap","en","ae","0","-"
949,"dubai real estate","Google","Related","-","dubai real estate market cycle","en","ae","0","-"
950,"dubai real estate","Google","Related","-","statistics of dubai real estate","en","ae","0","-"
951,"dubai real estate","Google","Related","-","dubai real estate 2025 forecast","en","ae","0","-"
952,"dubai real estate","Google","Related","-","dubai real estate for investment","en","ae","0","-"
953,"dubai real estate","Google","Related","-","dubai real estate house 53 reviews","en","ae","0","-"
954,"dubai real estate","Google","Related","-","dubai real estate market september 2023","en","ae","0","-"
955,"dubai real estate","Google","Related","-","dubai real estate contracts","en","ae","0","-"
956,"dubai real estate","Google","Related","-","dubai real estate photo","en","ae","0","-"
957,"dubai real estate","Google","Related","-","dubai real estate sales transactions","en","ae","0","-"
958,"dubai real estate","Google","Related","-","dubai real estate market insights","en","ae","0","-"
959,"dubai real estate","Google","Related","-","dubai real estate businessman","en","ae","0","-"
960,"dubai real estate","Google","Related","-","expo city dubai real estate","en","ae","0","-"
961,"dubai real estate","Google","Related","-","dubai real estate for sale emaar","en","ae","0","-"
962,"dubai real estate","Google","Related","-","correction in dubai real estate","en","ae","0","-"
963,"dubai real estate","Google","Related","-","dubai real estate developer jobs","en","ae","0","-"
964,"dubai real estate","Google","Related","-","dubai real estate dataset","en","ae","0","-"
965,"dubai real estate","Google","Related","-","dubai real estate market place","en","ae","0","-"
966,"dubai real estate","Google","Related","-","dubai real estate market valuation","en","ae","0","-"
967,"dubai real estate","Google","Related","-","dubai real estate broker reddit","en","ae","0","-"
968,"dubai real estate","Google","Related","-","dubai real estate companies in delhi","en","ae","0","-"
969,"dubai real estate","Google","Related","-","dubai real estate zurich","en","ae","0","-"
970,"dubai real estate","Google","Related","-","dubai real estate market projects","en","ae","0","-"
971,"dubai real estate","Google","Related","-","dubai real estate ceo appointment","en","ae","0","-"
972,"dubai real estate","Google","Related","-","dubai real estate pictures","en","ae","0","-"
973,"dubai real estate","Google","Related","-","dubai real estate surge h1 2025","en","ae","0","-"
974,"dubai real estate","Google","Related","-","dubai real estate market overview 2024","en","ae","0","-"
975,"dubai real estate","Google","Related","-","dubai real estate investment map","en","ae","0","-"
976,"dubai real estate","Google","Related","-","capital appreciation dubai real estate","en","ae","0","-"
977,"dubai real estate","Google","Related","-","buying dubai real estate","en","ae","0","-"
978,"dubai real estate","Google","Related","-","realtor dubai real estate","en","ae","0","-"
979,"dubai real estate","Google","Related","-","fractional investment in dubai real estate","en","ae","0","-"
980,"dubai real estate","Google","Related","-","dubai real estate vs us real estate","en","ae","0","-"
981,"dubai real estate","Google","Related","-","experts in dubai real estate","en","ae","0","-"
982,"dubai real estate","Google","Related","-","the ultimate guide to dubai real estate","en","ae","0","-"
983,"dubai real estate","Google","Related","-","how to start investing in dubai real estate","en","ae","0","-"
984,"dubai real estate","Google","Related","-","dubai real estate expo 2025 venue","en","ae","0","-"
985,"dubai real estate","Google","Related","-","dubai real estate expo 2025 bangalore","en","ae","0","-"
986,"dubai real estate","Google","Related","-","dubai real estate in business bay","en","ae","0","-"
987,"dubai real estate","Google","Related","-","dubai real estate empire","en","ae","0","-"
988,"dubai real estate","Google","Related","-","dubai real estate daily transactions","en","ae","0","-"
989,"dubai real estate","Google","Related","-","emaar dubai real estate investment","en","ae","0","-"
990,"dubai real estate","Google","Related","-","dubai real estate ceo","en","ae","0","-"
991,"dubai real estate","Google","Related","-","is it smart to invest in dubai real estate","en","ae","0","-"
992,"dubai real estate","Google","Related","-","dubai real estate transactions by nationality","en","ae","0","-"
993,"dubai real estate","Google","Related","-","why is dubai real estate crashing","en","ae","0","-"
994,"dubai real estate","Google","Related","-","dubai real estate impact","en","ae","0","-"
995,"dubai real estate","Google","Related","-","invest in dubai real estate index from india","en","ae","0","-"
996,"dubai real estate","Google","Related","-","dubai real estate price index 2025","en","ae","0","-"
997,"dubai real estate","Google","Related","-","dubai real estate market tracker","en","ae","0","-"
998,"dubai real estate","Google","Related","-","dubai real estate market january 2026","en","ae","0","-"
999,"dubai real estate","Google","Related","-","dubai real estate is crashing","en","ae","0","-"
1000,"dubai real estate","Google","Related","-","dubai real estate market map","en","ae","0","-"
1001,"dubai real estate","Google","Related","-","dubai real estate market worth","en","ae","0","-"
1002,"dubai real estate","Google","Related","-","dubai real estate market size 2024","en","ae","0","-"
1003,"dubai real estate","Google","Related","-","is dubai real estate falling","en","ae","0","-"
1004,"dubai real estate","Google","Related","-","dubai real estate expo 2025 dates","en","ae","0","-"
1005,"dubai real estate","Google","Related","-","dubai real estate agent income","en","ae","0","-"
1006,"dubai real estate","Google","Related","-","rimi sen dubai real estate company name","en","ae","0","-"
1007,"dubai real estate","Google","Related","-","dubai real estate agent reddit","en","ae","0","-"
1008,"dubai real estate","Google","Related","-","dubai real estate company shares","en","ae","0","-"
1009,"dubai real estate","Google","Related","-","best dubai real estate etf","en","ae","0","-"
1010,"dubai real estate","Google","Related","-","rental yield in dubai real estate","en","ae","0","-"
1011,"dubai real estate","Google","Related","-","dubai real estate price growth","en","ae","0","-"
1012,"dubai real estate","Google","Related","-","invest in dubai real estate from usa","en","ae","0","-"
1013,"dubai real estate","Google","Related","-","dubai real estate brokers data","en","ae","0","-"
1014,"dubai real estate","Google","Related","-","dubai real estate agent girls","en","ae","0","-"
1015,"dubai real estate","Google","Related","-","dubai real estate vacancy rate","en","ae","0","-"
1016,"dubai real estate","Google","Related","-","dubai real estate sales q2 2025","en","ae","0","-"
1017,"dubai real estate","Google","Related","-","dubai real estate investment pros and cons","en","ae","0","-"
1018,"dubai real estate","Google","Related","-","dubai real estate status","en","ae","0","-"
1019,"dubai real estate","Google","Related","-","dubai real estate forecast dubai property capital growth dubai property","en","ae","0","-"
1020,"dubai real estate","Google","Related","-","dubai real estate headquarters bus stop","en","ae","0","-"
1021,"dubai real estate","Google","Related","-","commission in dubai real estate","en","ae","0","-"
1022,"dubai real estate","Google","Related","-","dubai real estate brokers salary","en","ae","0","-"
1023,"dubai real estate","Google","Related","-","aa properties dubai real estate brokers reviews","en","ae","0","-"
1024,"dubai real estate","Google","Related","-","dubai real estate investment malayalam","en","ae","0","-"
1025,"dubai real estate","Google","Related","-","dubai real estate market trends 2026","en","ae","0","-"
1026,"dubai real estate","Google","Related","-","dubai real estate supply and demand","en","ae","0","-"
1027,"dubai real estate","Google","Related","-","dubai real estate investment firms","en","ae","0","-"
1028,"dubai real estate","Google","Related","-","dubai real estate videography","en","ae","0","-"
1029,"dubai real estate","Google","Related","-","is dubai real estate down","en","ae","0","-"
1030,"dubai real estate","Google","Related","-","dubai real estate investors database","en","ae","0","-"
1031,"dubai real estate","Google","Related","-","dubai real estate market study","en","ae","0","-"
1032,"dubai real estate","Google","Related","-","dubai real estate market analytics","en","ae","0","-"
1033,"dubai real estate","Google","Related","-","dubai real estate taxes","en","ae","0","-"
1034,"dubai real estate","Google","Related","-","dubai real estate developers conference 2025","en","ae","0","-"
1035,"dubai real estate","Google","Related","-","dubai real estate event in delhi 2025","en","ae","0","-"
1036,"dubai real estate","Google","Related","-","dubai real estate property for sale","en","ae","0","-"
1037,"dubai real estate","Google","Related","-","dubai real estate transparency","en","ae","0","-"
1038,"dubai real estate","Google","Related","-","dubai real estate stake","en","ae","0","-"
1039,"dubai real estate","Google","Related","-","dubai real estate influencers","en","ae","0","-"
1040,"dubai real estate","Google","Related","-","training dubai real estate agents","en","ae","0","-"
1041,"dubai real estate","Google","Related","-","dubai real estate december 2025","en","ae","0","-"
1042,"dubai real estate","Google","Related","-","dubai real estate report q3 2025","en","ae","0","-"
1043,"dubai real estate","Google","Related","-","dubai real estate buy apartment","en","ae","0","-"
1044,"dubai real estate","Google","Related","-","stake for dubai real estate","en","ae","0","-"
1045,"dubai real estate","Google","Related","-","dubai real estate 2040","en","ae","0","-"
1046,"dubai real estate","Google","Related","-","dubai real estate brokers whatsapp group","en","ae","0","-"
1047,"dubai real estate","Google","Related","-","dubai real estate ppt","en","ae","0","-"
1048,"dubai real estate","Google","Related","-","dubai real estate webinar","en","ae","0","-"
1049,"dubai real estate","Google","Related","-","dubai real estate commercial","en","ae","0","-"
1050,"dubai real estate","Google","Related","-","dubai real estate secondary sales","en","ae","0","-"
1051,"dubai real estate","Google","Related","-","dubai real estate sector performance 2023","en","ae","0","-"
1052,"dubai real estate","Google","Related","-","dubai real estate ad","en","ae","0","-"
1053,"dubai real estate","Google","Related","-","dubai real estate canvas","en","ae","0","-"
1054,"dubai real estate","Google","Related","-","10 year golden visa dubai real estate","en","ae","0","-"
1055,"dubai real estate","Google","Related","-","investing in dubai real estate from uk","en","ae","0","-"
1056,"dubai real estate","Google","Related","-","dubai real estate h1 2024","en","ae","0","-"
1057,"dubai real estate","Google","Related","-","dubai real estate uk","en","ae","0","-"
1058,"dubai real estate","Google","Related","-","dubai real estate videographer","en","ae","0","-"
1059,"dubai real estate","Google","Related","-","dubai real estate open data","en","ae","0","-"
1060,"dubai real estate","Google","Related","-","dubai real estate net worth","en","ae","0","-"
1061,"dubai real estate","Google","Related","-","market confidence dubai real estate","en","ae","0","-"
1062,"dubai real estate","Google","Related","-","seasonal trends in dubai real estate","en","ae","0","-"
1063,"dubai real estate","Google","Related","-","investor services dubai real estate","en","ae","0","-"
1064,"dubai real estate","Google","Related","-","sales jobs in dubai real estate","en","ae","0","-"
1065,"dubai real estate","Google","Related","-","dubai real estate news for investors","en","ae","0","-"
1066,"dubai real estate","Google","Related","-","xrp dubai real estate","en","ae","0","-"
1067,"dubai real estate","Google","Related","-","dubai real estate agent interview","en","ae","0","-"
1068,"dubai real estate","Google","Related","-","dubai real estate report 2026","en","ae","0","-"
1069,"dubai real estate","Google","Related","-","dubai real estate broker exam","en","ae","0","-"
1070,"dubai real estate","Google","Related","-","dubai real estate gulf news","en","ae","0","-"
1071,"dubai real estate","Google","Related","-","dubai real estate investment residency","en","ae","0","-"
1072,"dubai real estate","Google","Related","-","dubai real estate new launches","en","ae","0","-"
1073,"dubai real estate","Google","Related","-","dubai real estate agents whatsapp group link","en","ae","0","-"
1074,"dubai real estate","Google","Related","-","investing in dubai real estate as a canadian","en","ae","0","-"
1075,"dubai real estate","Google","Related","-","dubai real estate expo toronto","en","ae","0","-"
1076,"dubai real estate","Google","Related","-","what is the minimum investment in dubai real estate","en","ae","0","-"
1077,"dubai real estate","Google","Related","-","is dubai real estate affordable","en","ae","0","-"
1078,"dubai real estate","Google","Related","-","dubai real estate life","en","ae","0","-"
1079,"dubai real estate","Google","Related","-","dubai real estate think school","en","ae","0","-"
1080,"dubai real estate","Google","Related","-","will dubai real estate prices go down due to war","en","ae","0","-"
1081,"dubai real estate","Google","Related","-","dubai real estate agents reddit","en","ae","0","-"
1082,"dubai real estate","Google","Related","-","dubai real estate distress","en","ae","0","-"
1083,"dubai real estate","Google","Related","-","dubai real estate discount","en","ae","0","-"
1084,"dubai real estate","Google","Related","-","dubai real estate agent list","en","ae","0","-"
1085,"dubai real estate","Google","Related","-","bespoke dubai real estate","en","ae","0","-"
1086,"dubai real estate","Google","Related","-","dubai real estate event","en","ae","0","-"
1087,"dubai real estate","Google","Related","-","dubai real estate situation now","en","ae","0","-"
1088,"dubai real estate","Google","Related","-","dubai real estate social media","en","ae","0","-"
1089,"dubai real estate","Google","Related","-","dubai real estate transactions last week","en","ae","0","-"
1090,"dubai real estate","Google","Related","-","dubai real estate dispute center","en","ae","0","-"
1091,"dubai real estate","Google","Related","-","dubai real estate war iran","en","ae","0","-"
1092,"dubai real estate","Google","Related","-","dubai real estate to invest","en","ae","0","-"
1093,"dubai real estate","Google","Related","-","dubai real estate is falling","en","ae","0","-"
1094,"dubai real estate","Google","Related","-","winslow dubai real estate","en","ae","0","-"
1095,"dubai real estate","Google","Related","-","dubai real estate self transaction","en","ae","0","-"
1096,"dubai real estate","Google","Related","-","dubai real estate corporation customer care number","en","ae","0","-"
1097,"dubai real estate","Google","Related","-","dubai real estate market q1 2025","en","ae","0","-"
1098,"dubai real estate","Google","Related","-","dubai real estate data for sale","en","ae","0","-"
1099,"dubai real estate","Google","Related","-","dubai real estate market chart tradingview","en","ae","0","-"
1100,"dubai real estate","Google","Related","-","dubai real estate market index 2026","en","ae","0","-"
1101,"dubai real estate","Google","Related","-","dubai real estate market index tradingview","en","ae","0","-"
1102,"dubai real estate","Google","Related","-","dubai real estate advisors","en","ae","0","-"
1103,"dubai real estate","Google","Related","-","best investment in dubai real estate","en","ae","0","-"
1104,"dubai real estate","Google","Related","-","equity dubai real estate","en","ae","0","-"
1105,"dubai real estate","Google","Related","-","dubai real estate mentor","en","ae","0","-"
1106,"dubai real estate","Google","Related","-","dubai real estate ellington","en","ae","0","-"
1107,"dubai real estate","Google","Related","-","al furjan dubai real estate","en","ae","0","-"
1108,"dubai real estate","Google","Related","-","tokenization in dubai real estate","en","ae","0","-"
1109,"dubai real estate","Google","Related","-","dubai real estate fitch rating","en","ae","0","-"
1110,"dubai real estate","Google","Related","-","dubai real estate q2 2025 sales","en","ae","0","-"
1111,"dubai real estate","Google","Related","-","dubai real estate yerevan","en","ae","0","-"
1112,"dubai real estate","Google","Related","-","villa dubai real estate","en","ae","0","-"
1113,"dubai real estate","Google","Related","-","dubai real estate jobs in mumbai","en","ae","0","-"
1114,"dubai real estate","Google","Related","-","dubai real estate show netflix","en","ae","0","-"
1115,"dubai real estate","Google","Related","-","how is dubai real estate","en","ae","0","-"
1116,"dubai real estate","Google","Related","-","inside dubai real estate","en","ae","0","-"
1117,"dubai real estate","Google","Related","-","dubai real estate first time buyer","en","ae","0","-"
1118,"dubai real estate","Google","Related","-","dubai real estate agent commission rate","en","ae","0","-"
1119,"dubai real estate","Google","Related","-","how much commission do dubai real estate agents get","en","ae","0","-"
1120,"dubai real estate","Google","Related","-","dubai real estate 3d tour","en","ae","0","-"
1121,"dubai real estate","Google","Related","-","how to invest in dubai real estate from usa","en","ae","0","-"
1122,"dubai real estate","Google","Related","-","how do i invest in dubai real estate","en","ae","0","-"
1123,"dubai real estate","Google","Related","-","dubai real estate market investment","en","ae","0","-"
1124,"dubai real estate","Google","Related","-","dubai real estate projects completion","en","ae","0","-"
1125,"dubai real estate","Google","Related","-","dubai real estate completions h1 2025","en","ae","0","-"
1126,"dubai real estate","Google","Related","-","dubai real estate usa","en","ae","0","-"
1127,"dubai real estate","Google","Related","-","golden visa dubai real estate investor","en","ae","0","-"
1128,"dubai real estate","Google","Related","-","dubai real estate expo coimbatore","en","ae","0","-"
1129,"dubai real estate","Google","Related","-","high roi dubai real estate","en","ae","0","-"
1130,"dubai real estate","Google","Related","-","dubai real estate developers jobs","en","ae","0","-"
1131,"dubai real estate","Google","Related","-","dubai real estate hoarding","en","ae","0","-"
1132,"dubai real estate","Google","Related","-","top dubai real estate","en","ae","0","-"
1133,"dubai real estate","Google","Related","-","dubai real estate construction company","en","ae","0","-"
1134,"dubai real estate","Google","Related","-","dubai real estate head office","en","ae","0","-"
1135,"dubai real estate","Google","Related","-","dubai real estate firms are going global","en","ae","0","-"
1136,"dubai real estate","Google","Related","-","dubai real estate vs","en","ae","0","-"
1137,"dubai real estate","Google","Related","-","dubai real estate today","en","ae","0","-"
1138,"dubai real estate","Google","Related","-","dubai real estate news app","en","ae","0","-"
1139,"dubai real estate","Google","Related","-","dubai real estate market risks a cross sector perspective","en","ae","0","-"
1140,"dubai real estate","Google","Related","-","dubai real estate investment properties","en","ae","0","-"
1141,"dubai real estate","Google","Related","-","dubai real estate dre","en","ae","0","-"
1142,"dubai real estate","Google","Related","-","dubai real estate current situation","en","ae","0","-"
1143,"dubai real estate","Google","Related","-","dubai real estate index invest from india","en","ae","0","-"
1144,"dubai real estate","Google","Related","-","invest in dubai real estate for foreigners","en","ae","0","-"
1145,"dubai real estate","Google","Related","-","dubai real estate market is crashing","en","ae","0","-"
1146,"dubai real estate","Google","Related","-","dubai real estate market is booming","en","ae","0","-"
1147,"dubai real estate","Google","Related","-","dubai real estate market crash graph","en","ae","0","-"
1148,"dubai real estate","Google","Related","-","dubai real estate and war","en","ae","0","-"
1149,"dubai real estate","Google","Related","-","dubai real estate agent show","en","ae","0","-"
1150,"dubai real estate","Google","Related","-","how to invest dubai real estate index","en","ae","0","-"
1151,"dubai real estate","Google","Related","-","dubai real estate index what is it","en","ae","0","-"
1152,"dubai real estate","Google","Related","-","dubai real estate application","en","ae","0","-"
1153,"dubai real estate","Google","Related","-","dubai real estate consultant for quick property purchase","en","ae","0","-"
1154,"dubai real estate","Google","Related","-","why should i invest in dubai real estate","en","ae","0","-"
1155,"dubai real estate","Google","Related","-","dubai real estate with war","en","ae","0","-"
1156,"dubai real estate","Google","Related","-","agency 8 dubai real estate","en","ae","0","-"
1157,"dubai real estate","Google","Related","-","dubai real estate right now","en","ae","0","-"
1158,"dubai real estate","Google","Related","-","how to invest in dubai real estate index","en","ae","0","-"
1159,"dubai real estate","Google","Related","-","dubai real estate ejari","en","ae","0","-"
1160,"dubai real estate","Google","Related","-","biggest dubai real estate companies","en","ae","0","-"
1161,"dubai real estate","Google","Related","-","poa dubai real estate","en","ae","0","-"
1162,"dubai real estate","Google","Related","-","dubai real estate market news 2024","en","ae","0","-"
1163,"dubai real estate","Google","Related","-","dubai real estate effect of war","en","ae","0","-"
1164,"dubai real estate","Google","Related","-","risk mitigation dubai real estate","en","ae","0","-"
1165,"dubai real estate","Google","Related","-","liquidity of dubai real estate","en","ae","0","-"
1166,"dubai real estate","Google","Related","-","dubai real estate property investment","en","ae","0","-"
1167,"dubai real estate","Google","Related","-","dubai real estate ranking","en","ae","0","-"
1168,"dubai real estate","Google","Related","-","will dubai real estate go down","en","ae","0","-"
1169,"dubai real estate","Google","Related","-","maritime city dubai real estate","en","ae","0","-"
1170,"dubai real estate","Google","Related","-","dubai real estate options","en","ae","0","-"
1171,"dubai real estate","Google","Related","-","dubai real estate market comparison","en","ae","0","-"
1172,"dubai real estate","Google","Related","-","dubai real estate payment plans","en","ae","0","-"
1173,"dubai real estate","Google","Related","-","dubai real estate brokers jobs","en","ae","0","-"
1174,"dubai real estate","Google","Related","-","dubai real estate slow down","en","ae","0","-"
1175,"dubai real estate","Google","Related","-","dubai real estate investor golden visa","en","ae","0","-"
1176,"dubai real estate","Google","Related","-","when will dubai real estate go down","en","ae","0","-"
1177,"dubai real estate","Google","Related","-","which project is trending in dubai real estate","en","ae","0","-"
1178,"dubai real estate","Google","Related","-","dubai real estate last 10 years","en","ae","0","-"
1179,"dubai real estate","Google","Related","-","how to invest in dubai real estate malayalam","en","ae","0","-"
1180,"dubai real estate","Google","Related","-","dubai real estate branding experts","en","ae","0","-"
1181,"dubai real estate","Google","Related","-","best app for dubai real estate","en","ae","0","-"
1182,"dubai real estate","Google","Related","-","dubai real estate transactions april 2026","en","ae","0","-"
1183,"dubai real estate","Google","Related","-","dubai real estate networking","en","ae","0","-"
1184,"dubai real estate","Google","Related","-","dubai real estate consultants","en","ae","0","-"
1185,"dubai real estate","Google","Related","-","emirates hills dubai real estate","en","ae","0","-"
1186,"dubai real estate","Google","Related","-","dubai real estate experts","en","ae","0","-"
1187,"dubai real estate","Google","Related","-","dubai real estate owners database","en","ae","0","-"
1188,"dubai real estate","Google","Related","-","will dubai real estate bounce back","en","ae","0","-"
1189,"dubai real estate","Google","Related","-","dubai real estate sector performance 2022","en","ae","0","-"
1190,"dubai real estate","Google","Related","-","dubai real estate fire sale","en","ae","0","-"
1191,"dubai real estate","Google","Related","-","dubai real estate growth chart","en","ae","0","-"
1192,"dubai real estate","Google","Related","-","dubai real estate market report march 2026","en","ae","0","-"
1193,"dubai real estate","Google","Related","-","dubai real estate market q4 2023","en","ae","0","-"
1194,"dubai real estate","Google","Related","-","how to invest in dubai real estate from uk","en","ae","0","-"
1195,"dubai real estate","Google","Related","-","dubai real estate q1","en","ae","0","-"
1196,"dubai real estate","Google","Related","-","history of dubai real estate market","en","ae","0","-"
1197,"dubai real estate","Google","Related","-","is dubai real estate market saturated","en","ae","0","-"
1198,"dubai real estate","Google","Related","-","average roi in dubai real estate","en","ae","0","-"
1199,"dubai real estate","Google","Related","-","dubai real estate house 53 photos","en","ae","0","-"
1200,"dubai real estate","Google","Related","-","dubai real estate launch","en","ae","0","-"
1201,"dubai real estate","Google","Related","-","dubai real estate investment plans","en","ae","0","-"
1202,"dubai real estate","Google","Related","-","what is the roi in dubai real estate","en","ae","0","-"
1203,"dubai real estate","Google","Related","-","instagram dubai real estate","en","ae","0","-"
1204,"dubai real estate","Google","Related","-","tax free investment dubai real estate","en","ae","0","-"
1205,"dubai real estate","Google","Related","-","dubai real estate company in noida","en","ae","0","-"
1206,"dubai real estate","Google","Related","-","wellness features dubai real estate","en","ae","0","-"
1207,"dubai real estate","Google","Related","-","dubai real estate crash course","en","ae","0","-"
1208,"dubai real estate","Google","Related","-","is dubai real estate bubble","en","ae","0","-"
1209,"dubai real estate","Google","Related","-","dubai real estate education","en","ae","0","-"
1210,"dubai real estate","Google","Related","-","homeland dubai real estate experts","en","ae","0","-"
1211,"dubai real estate","Google","Related","-","dubai real estate in malayalam","en","ae","0","-"
1212,"dubai real estate","Google","Related","-","dubai real estate market training","en","ae","0","-"
1213,"dubai real estate","Google","Related","-","dubai real estate aggregator","en","ae","0","-"
1214,"dubai real estate","Google","Related","-","how much does a dubai real estate agent make","en","ae","0","-"
1215,"dubai real estate","Google","Related","-","dubai real estate affiliate program","en","ae","0","-"
1216,"dubai real estate","Google","Related","-","dubai real estate war","en","ae","0","-"
1217,"dubai real estate","Google","Related","-","dubai real estate trends 2026","en","ae","0","-"
1218,"dubai real estate","Google","Related","-","valustrat dubai real estate","en","ae","0","-"
1219,"dubai real estate","Google","Related","-","dubai real estate upfront costs","en","ae","0","-"
1220,"dubai real estate","Google","Related","-","green visa dubai real estate","en","ae","0","-"
1221,"dubai real estate","Google","Related","-","dubai real estate hiring","en","ae","0","-"
1222,"dubai real estate","Google","Related","-","dubai real estate market situation","en","ae","0","-"
1223,"dubai real estate","Google","Related","-","dubai real estate market growth rate","en","ae","0","-"
1224,"dubai real estate","Google","Related","-","dubai real estate market going down","en","ae","0","-"
1225,"dubai real estate","Google","Related","-","understanding dubai real estate market","en","ae","0","-"
1226,"dubai real estate","Google","Related","-","dubai real estate expo houston","en","ae","0","-"
1227,"dubai real estate","Google","Related","-","dubai real estate event surat","en","ae","0","-"
1228,"dubai real estate","Google","Related","-","is dubai real estate booming","en","ae","0","-"
1229,"dubai real estate","Google","Related","-","dubai real estate form a","en","ae","0","-"
1230,"dubai real estate","Google","Related","-","dubai real estate market falling","en","ae","0","-"
1231,"dubai real estate","Google","Related","-","hashtag for dubai real estate","en","ae","0","-"
1232,"dubai real estate","Google","Related","-","dubai real estate investment 2024","en","ae","0","-"
1233,"dubai real estate","Google","Related","-","dubai real estate performance","en","ae","0","-"
1234,"dubai real estate","Google","Related","-","dubai real estate law firms","en","ae","0","-"
1235,"dubai real estate","Google","Related","-","jobs in dubai real estate for indian","en","ae","0","-"
1236,"dubai real estate","Google","Related","-","jobs in dubai real estate sales","en","ae","0","-"
1237,"dubai real estate","Google","Related","-","how much did dubai real estate drop","en","ae","0","-"
1238,"dubai real estate","Google","Related","-","why invest in dubai real estate pdf","en","ae","0","-"
1239,"dubai real estate","Google","Related","-","dubai real estate graduate jobs","en","ae","0","-"
1240,"dubai real estate","Google","Related","-","dubai real estate investment opportunities 2026","en","ae","0","-"
1241,"dubai real estate","Google","Related","-","dubai real estate investment guide 2026","en","ae","0","-"
1242,"dubai real estate","Google","Related","-","dubai real estate facebook ads","en","ae","0","-"
1243,"dubai real estate","Google","Related","-","dubai real estate jll","en","ae","0","-"
1244,"dubai real estate","Google","Related","-","dubai real estate market forecasting","en","ae","0","-"
1245,"dubai real estate","Google","Related","-","can you invest in dubai real estate index","en","ae","0","-"
1246,"dubai real estate","Google","Related","-","dubai real estate market 2025 tamil","en","ae","0","-"
1247,"dubai real estate","Google","Related","-","olga dubai real estate","en","ae","0","-"
1248,"dubai real estate","Google","Related","-","dubai real estate tokenization digital currency","en","ae","0","-"
1249,"dubai real estate","Google","Related","-","dubai real estate support your dream","en","ae","0","-"
1250,"dubai real estate","Google","Related","-","dubai real estate experts for investors","en","ae","0","-"
1251,"dubai real estate","Google","Related","-","dubai real estate record","en","ae","0","-"
1252,"dubai real estate","Google","Related","-","dubai real estate hashtag","en","ae","0","-"
1253,"dubai real estate","Google","Related","-","dubai real estate crash 2014","en","ae","0","-"
1254,"dubai real estate","Google","Related","-","bloomberg dubai real estate crash","en","ae","0","-"
1255,"dubai real estate","Google","Related","-","investment in dubai real estate off plan","en","ae","0","-"
1256,"dubai real estate","Google","Related","-","dubai real estate sales agent","en","ae","0","-"
1257,"dubai real estate","Google","Related","-","dubai real estate investment course","en","ae","0","-"
1258,"dubai real estate","Google","Related","-","valuation faqs dubai real estate","en","ae","0","-"
1259,"dubai real estate","Google","Related","-","investor education dubai real estate","en","ae","0","-"
1260,"dubai real estate","Google","Related","-","dubai real estate price trends","en","ae","0","-"
1261,"dubai real estate","Google","Related","-","affordable luxury in dubai real estate","en","ae","0","-"
1262,"dubai real estate","Google","Related","-","dubai real estate documentary","en","ae","0","-"
1263,"dubai real estate","Google","Related","-","property consultant in dubai real estate","en","ae","0","-"
1264,"dubai real estate","Google","Related","-","dubai real estate after iran attack","en","ae","0","-"
1265,"dubai real estate","Google","Related","-","dubai real estate index tradingview","en","ae","0","-"
1266,"dubai real estate","Google","Related","-","dubai real estate broker companies","en","ae","0","-"
1267,"dubai real estate","Google","Related","-","dubai real estate tax rules","en","ae","0","-"
1268,"dubai real estate","Google","Related","-","dubai real estate market book","en","ae","0","-"
1269,"dubai real estate","Google","Related","-","dubai real estate market predictions 2026","en","ae","0","-"
1270,"dubai real estate","Google","Related","-","how big is dubai real estate market","en","ae","0","-"
1271,"dubai real estate","Google","Related","-","dubai real estate market report q3 2025","en","ae","0","-"
1272,"dubai real estate","Google","Related","-","dubai real estate market evolution","en","ae","0","-"
1273,"dubai real estate","Google","Related","-","dubai real estate market right now","en","ae","0","-"
1274,"dubai real estate","Google","Related","-","dubai real estate events today","en","ae","0","-"
1275,"dubai real estate","Google","Related","-","dubai real estate event in hong kong 2025","en","ae","0","-"
1276,"dubai real estate","Google","Related","-","dubai real estate expo london","en","ae","0","-"
1277,"dubai real estate","Google","Related","-","dubai real estate agents podcast","en","ae","0","-"
1278,"dubai real estate","Google","Related","-","dubai real estate fall","en","ae","0","-"
1279,"dubai real estate","Google","Related","-","dubai real estate indian owner","en","ae","0","-"
1280,"dubai real estate","Google","Related","-","dubai real estate agent blog","en","ae","0","-"
1281,"dubai real estate","Google","Related","-","dubai real estate english","en","ae","0","-"
1282,"dubai real estate","Google","Related","-","dubai real estate broker app","en","ae","0","-"
1283,"dubai real estate","Google","Related","-","dubai real estate referral program","en","ae","0","-"
1284,"dubai real estate","Google","Related","-","think school dubai real estate","en","ae","0","-"
1285,"dubai real estate","Google","Related","-","dubai real estate jobs tamil","en","ae","0","-"
1286,"dubai real estate","Google","Related","-","dubai real estate brokers card","en","ae","0","-"
1287,"dubai real estate","Google","Related","-","dubai real estate kyc form","en","ae","0","-"
1288,"dubai real estate","Google","Related","-","dubai real estate sign up","en","ae","0","-"
1289,"dubai real estate","Google","Related","-","dubai real estate broker books","en","ae","0","-"
1290,"dubai real estate","Google","Related","-","dubai real estate agent books","en","ae","0","-"
1291,"dubai real estate","Google","Related","-","ejari dubai real estate","en","ae","0","-"
1292,"dubai real estate","Google","Related","-","dubai real estate whatsapp","en","ae","0","-"
1293,"dubai real estate","Google","Related","-","dubai real estate zawya","en","ae","0","-"
1294,"dubai real estate","Google","Related","-","dubai real estate vs india","en","ae","0","-"
1295,"dubai real estate","Google","Related","-","top dubai real estate software","en","ae","0","-"
1296,"dubai real estate","Google","Related","-","content on dubai real estate","en","ae","0","-"
1297,"dubai real estate","Google","Related","-","dubai real estate shots","en","ae","0","-"
1298,"dubai real estate","Google","Related","-","kyc dubai real estate","en","ae","0","-"
1299,"dubai real estate","Google","Related","-","dubai real estate uae","en","ae","0","-"
1300,"dubai real estate","Google","Related","-","abu dhabi vs dubai real estate prices","en","ae","0","-"
1301,"dubai real estate","Google","Related","-","dubai real estate jobs from uk","en","ae","0","-"
1302,"dubai real estate","Google","Related","-","wasl dubai real estate co","en","ae","0","-"
1303,"dubai real estate","Google","Related","-","dubai real estate buyers","en","ae","0","-"
1304,"dubai real estate","Google","Related","-","top 10 dubai real estate","en","ae","0","-"
1305,"dubai real estate","Google","Related","-","10 reasons to invest in dubai real estate","en","ae","0","-"
1306,"dubai real estate","Google","Related","-","dubai real estate 2026 predictions","en","ae","0","-"
1307,"dubai real estate","Google","Related","-","dubai real estate legal faq","en","ae","0","-"
1308,"dubai real estate","Google","Related","-","dubai real estate offers","en","ae","0","-"
1309,"dubai real estate","Google","Related","-","roi calculator dubai real estate","en","ae","0","-"
1310,"dubai real estate","Google","Related","-","dubai real estate loans","en","ae","0","-"
1311,"dubai real estate","Google","Related","-","dubai real estate investment advisor","en","ae","0","-"
1312,"dubai real estate","Google","Related","-","dubai real estate rental income","en","ae","0","-"
1313,"dubai real estate","Google","Related","-","how to understand dubai real estate","en","ae","0","-"
1314,"dubai real estate","Google","Related","-","dubai real estate investment tamil","en","ae","0","-"
1315,"dubai real estate","Google","Related","-","dubai real estate training in hindi","en","ae","0","-"
1316,"dubai real estate","Google","Related","-","dubai real estate agent truth","en","ae","0","-"
1317,"dubai real estate","Google","Related","-","is dubai real estate going up","en","ae","0","-"
1318,"dubai real estate","Google","Related","-","dubai real estate jumeirah beach","en","ae","0","-"
1319,"dubai real estate","Google","Related","-","why invest in dubai real estate in 2026","en","ae","0","-"
1320,"dubai real estate","Google","Related","-","invest in dubai real estate 2025","en","ae","0","-"
1321,"dubai real estate","Google","Related","-","dubai real estate market cbre","en","ae","0","-"
1322,"dubai real estate","Google","Related","-","dubai real estate market may 2025","en","ae","0","-"
1323,"dubai real estate","Google","Related","-","dubai real estate monthly report","en","ae","0","-"
1324,"dubai real estate","Google","Related","-","dubai real estate truth","en","ae","0","-"
1325,"dubai real estate","Google","Related","-","dubai real estate registration simplification","en","ae","0","-"
1326,"dubai real estate","Google","Related","-","dubai real estate programme channel 4","en","ae","0","-"
1327,"dubai real estate","Google","Related","-","dubai real estate regulatory agency rera website","en","ae","0","-"
1328,"dubai real estate","Google","Related","-","dubai real estate company instagram","en","ae","0","-"
1329,"dubai real estate","Google","Related","-","dubai real estate overpriced","en","ae","0","-"
1330,"dubai real estate","Google","Related","-","dubai real estate for beginners","en","ae","0","-"
1331,"dubai real estate","Google","Related","-","invest in dubai real estate from pakistan","en","ae","0","-"
1332,"dubai real estate","Google","Related","-","agency dubai real estate","en","ae","0","-"
1333,"dubai real estate","Google","Related","-","dubai real estate explained for beginners","en","ae","0","-"
1334,"dubai real estate","Google","Related","-","riyadh vs dubai real estate","en","ae","0","-"
1335,"dubai real estate","Google","Related","-","dubai real estate market in 2026","en","ae","0","-"
1336,"dubai real estate","Google","Related","-","dubai real estate market sales","en","ae","0","-"
1337,"dubai real estate","Google","Related","-","5 reasons to invest in dubai real estate","en","ae","0","-"
1338,"dubai real estate","Google","Related","-","news for dubai real estate","en","ae","0","-"
1339,"dubai real estate","Google","Related","-","dubai real estate brokerage company","en","ae","0","-"
1340,"dubai real estate","Google","Related","-","dubai real estate a bubble","en","ae","0","-"
1341,"dubai real estate","Google","Related","-","how much is the dubai real estate market worth","en","ae","0","-"
1342,"dubai real estate","Google","Related","-","dubai real estate investment by country","en","ae","0","-"
1343,"dubai real estate","Google","Related","-","small investment in dubai real estate","en","ae","0","-"
1344,"dubai real estate","Google","Related","-","dubai real estate for golden visa","en","ae","0","-"
1345,"dubai real estate","Google","Related","-","dubai real estate broker growth","en","ae","0","-"
1346,"dubai real estate","Google","Related","-","3s dubai real estate","en","ae","0","-"
1347,"dubai real estate","Google","Related","-","dubai real estate vs london","en","ae","0","-"
1348,"dubai real estate","Google","Related","-","dubai real estate brokerage and property management group","en","ae","0","-"
1349,"dubai real estate","Google","Related","-","dubai real estate website design","en","ae","0","-"
1350,"dubai real estate","Google","Related","-","is dubai real estate in trouble","en","ae","0","-"
1351,"dubai real estate","Google","Related","-","dubai real estate email","en","ae","0","-"
1352,"dubai real estate","Google","Related","-","why to invest in dubai real estate 2024","en","ae","0","-"
1353,"dubai real estate","Google","Related","-","dubai real estate clients","en","ae","0","-"
1354,"dubai real estate","Google","Related","-","dubai real estate punjabi","en","ae","0","-"
1355,"dubai real estate","Google","Related","-","dubai real estate website design company","en","ae","0","-"
1356,"dubai real estate","Google","Related","-","dubai real estate effects","en","ae","0","-"
1357,"dubai real estate","Google","Related","-","dubai real estate bonds fall into distress","en","ae","0","-"
1358,"dubai real estate","Google","Related","-","are dubai real estate prices going down","en","ae","0","-"
1359,"dubai real estate","Google","Related","-","dubai real estate due to war","en","ae","0","-"
1360,"dubai real estate","Google","Related","-","iran war & dubai real estate","en","ae","0","-"
1361,"dubai real estate","Google","Related","-","dubai real estate rules","en","ae","0","-"
1362,"dubai real estate","Google","Related","-","dubai real estate jamesedition","en","ae","0","-"
1363,"dubai real estate","Google","Related","-","what is dubai real estate index","en","ae","0","-"
1364,"dubai real estate","Google","Related","-","is it right time to invest in dubai real estate","en","ae","0","-"
1365,"dubai real estate","Google","Related","-","dubai real estate average roi","en","ae","0","-"
1366,"dubai real estate","Google","Related","-","dubai real estate market in war","en","ae","0","-"
1367,"dubai real estate","Google","Related","-","dubai real estate news reddit","en","ae","0","-"
1368,"dubai real estate","Google","Related","-","is dubai real estate market down","en","ae","0","-"
1369,"dubai real estate","Google","Related","-","dubai real estate sales 2022","en","ae","0","-"
1370,"dubai real estate","Google","Related","-","biggest dubai real estate agents","en","ae","0","-"
1371,"dubai real estate","Google","Related","-","what is poa in dubai real estate","en","ae","0","-"
1372,"dubai real estate","Google","Related","-","where to invest in dubai real estate index","en","ae","0","-"
1373,"dubai real estate","Google","Related","-","dubai real estate investment benefits","en","ae","0","-"
1374,"dubai real estate","Google","Related","-","dubai real estate market after war","en","ae","0","-"
1375,"dubai real estate","Google","Related","-","is dubai real estate saturated","en","ae","0","-"
1376,"dubai real estate","Google","Related","-","how to invest dubai real estate with little money","en","ae","0","-"
1377,"dubai real estate","Google","Related","-","dubai real estate exam questions","en","ae","0","-"
1378,"dubai real estate","Google","Related","-","where to invest in dubai real estate 2026","en","ae","0","-"
1379,"dubai real estate","Google","Related","-","zara dubai real estate","en","ae","0","-"
1380,"dubai real estate","Google","Related","-","top leads agency for dubai real estate","en","ae","0","-"
1381,"dubai real estate","Google","Related","-","dubai real estate company ranking","en","ae","0","-"
1382,"dubai real estate","Google","Related","-","dubai real estate agents data","en","ae","0","-"
1383,"dubai real estate","Google","Related","-","dubai real estate new rules","en","ae","0","-"
1384,"dubai real estate","Google","Related","-","dubai real estate networking group","en","ae","0","-"
1385,"dubai real estate","Google","Related","-","dubai real estate commission for sale","en","ae","0","-"
1386,"dubai real estate","Google","Related","-","dubai real estate tanzeel abbasi reviews","en","ae","0","-"
1387,"dubai real estate","Google","Related","-","can i buy dubai real estate index","en","ae","0","-"
1388,"dubai real estate","Google","Related","-","dubai real estate couple viral video in australia","en","ae","0","-"
1389,"dubai real estate","Google","Related","-","dubai real estate investment opportunities srinagar","en","ae","0","-"
1390,"dubai real estate","Google","Related","-","dubai real estate uk model","en","ae","0","-"
1391,"dubai real estate","Google","Related","-","dubai real estate xrp ledger","en","ae","0","-"
1392,"dubai real estate","Google","Related","-","roi dubai real estate luxury segment","en","ae","0","-"
1393,"dubai real estate","Google","Related","-","dubai real estate sales leads","en","ae","0","-"
1394,"dubai real estate","Google","Related","-","downtown dubai real estate guide","en","ae","0","-"
1395,"dubai real estate","Google","Related","-","top rated dubai real estate companies","en","ae","0","-"
1396,"dubai real estate","Google","Related","-","dubai real estate companies name list","en","ae","0","-"
1397,"dubai real estate","Google","Related","-","dubai real estate goldmine","en","ae","0","-"
1398,"dubai real estate","Google","Related","-","how to sell dubai real estate","en","ae","0","-"
1399,"dubai real estate","Google","Related","-","form a in dubai real estate","en","ae","0","-"
1400,"dubai real estate","Google","Related","-","dubai real estate report 2024 pdf","en","ae","0","-"
1401,"dubai real estate","Google","Related","-","dubai real estate jobs for pakistani","en","ae","0","-"
1402,"dubai real estate","Google","Related","-","dubai real estate return","en","ae","0","-"
1403,"dubai real estate","Google","Related","-","drec dubai real estate investments","en","ae","0","-"
1404,"dubai real estate","Google","Related","-","invest in dubai real estate app","en","ae","0","-"
1405,"dubai real estate","Google","Related","-","why invest in dubai real estate presentation","en","ae","0","-"
1406,"dubai real estate","Google","Related","-","how to buy dubai real estate","en","ae","0","-"
1407,"dubai real estate","Google","Related","-","dubai real estate h1 2025","en","ae","0","-"
1408,"dubai real estate","Google","Related","-","job vacancies in dubai real estate","en","ae","0","-"
1409,"dubai real estate","Google","Related","-","dubai real estate photographer jobs","en","ae","0","-"
1410,"dubai real estate","Google","Related","-","dubai real estate wikipedia","en","ae","0","-"
1411,"dubai real estate","Google","Related","-","dubai real estate market july 2025","en","ae","0","-"
1412,"dubai real estate","Google","Related","-","is dubai real estate market in a bubble","en","ae","0","-"
1413,"dubai real estate","Google","Related","-","dubai real estate market report q2 2025","en","ae","0","-"
1414,"dubai real estate","Google","Related","-","dubai real estate details","en","ae","0","-"
1415,"dubai real estate","Google","Related","-","crm dubai real estate","en","ae","0","-"
1416,"dubai real estate","Google","Related","-","website for dubai real estate","en","ae","0","-"
1417,"dubai real estate","Google","Related","-","nakheel dubai real estate","en","ae","0","-"
1418,"dubai real estate","Google","Related","-","will dubai real estate collapse","en","ae","0","-"
1419,"dubai real estate","Google","Related","-","will dubai real estate market crash in 2025","en","ae","0","-"
1420,"dubai real estate","Google","Related","-","escrow account in dubai real estate","en","ae","0","-"
1421,"dubai real estate","Google","Related","-","dubai real estate agent visa","en","ae","0","-"
1422,"dubai real estate","Google","Related","-","when did dubai real estate start","en","ae","0","-"
1423,"dubai real estate","Google","Related","-","dubai real estate 2024 transactions record","en","ae","0","-"
1424,"dubai real estate","Google","Related","-","dubai real estate jobs since yesterday","en","ae","0","-"
1425,"dubai real estate","Google","Related","-","dubai real estate growth outlook","en","ae","0","-"
1426,"dubai real estate","Google","Related","-","how to become a dubai real estate agent","en","ae","0","-"
1427,"dubai real estate","Google","Related","-","dubai real estate forms","en","ae","0","-"
1428,"dubai real estate","Google","Related","-","dubai real estate business bay","en","ae","0","-"
1429,"dubai real estate","Google","Related","-","dubai real estate content","en","ae","0","-"
1430,"dubai real estate","Google","Related","-","dubai real estate 15","en","ae","0","-"
1431,"dubai real estate","Google","Related","-","dubai real estate war impact","en","ae","0","-"
1432,"dubai real estate","Google","Related","-","dubai real estate agents contact","en","ae","0","-"
1433,"dubai real estate","Google","Related","-","how to invest in dubai real estate index fund","en","ae","0","-"
1434,"dubai real estate","Google","Related","-","dubai real estate rental yields","en","ae","0","-"
1435,"dubai real estate","Google","Related","-","how to invest in dubai real estate etf from india","en","ae","0","-"
1436,"dubai real estate","Google","Related","-","dubai real estate virtual tour","en","ae","0","-"
1437,"dubai real estate","Google","Related","-","dubai real estate market iran war","en","ae","0","-"
1438,"dubai real estate","Google","Related","-","has dubai real estate market crashed","en","ae","0","-"
1439,"dubai real estate","Google","Related","-","dubai real estate valuation jobs","en","ae","0","-"
1440,"dubai real estate","Google","Related","-","dubai real estate market projections","en","ae","0","-"
1441,"dubai real estate","Google","Related","-","dubai real estate market report q2 2024","en","ae","0","-"
1442,"dubai real estate","Google","Related","-","overview of dubai real estate market","en","ae","0","-"
1443,"dubai real estate","Google","Related","-","fitch report on dubai real estate market","en","ae","0","-"
1444,"dubai real estate","Google","Related","-","dubai real estate market volatility","en","ae","0","-"
1445,"dubai real estate","Google","Related","-","dubai real estate market june 2025","en","ae","0","-"
1446,"dubai real estate","Google","Related","-","dubai real estate personal branding","en","ae","0","-"
1447,"dubai real estate","Google","Related","-","dubai real estate qualification","en","ae","0","-"
1448,"dubai real estate","Google","Related","-","dubai real estate guide 2025","en","ae","0","-"
1449,"dubai real estate","Google","Related","-","dubai real estate on sale","en","ae","0","-"
1450,"dubai real estate","Google","Related","-","dubai real estate upcoming projects","en","ae","0","-"
1451,"dubai real estate","Google","Related","-","dubai real estate market predictions for next 5 years","en","ae","0","-"
1452,"dubai real estate","Google","Related","-","dubai real estate faq","en","ae","0","-"
1453,"dubai real estate","Google","Related","-","dubai real estate marketing trends","en","ae","0","-"
1454,"dubai real estate","Google","Related","-","dubai real estate headquarters photos","en","ae","0","-"
1455,"dubai real estate","Google","Related","-","dubai real estate company logo","en","ae","0","-"
1456,"dubai real estate","Google","Related","-","dubai real estate explained","en","ae","0","-"
1457,"dubai real estate","Google","Related","-","dubai real estate investors data","en","ae","0","-"
1458,"dubai real estate","Google","Related","-","legal 500 dubai real estate","en","ae","0","-"
1459,"dubai real estate","Google","Related","-","history of dubai real estate","en","ae","0","-"
1460,"dubai real estate","Google","Related","-","latest dubai real estate projects","en","ae","0","-"
1461,"dubai real estate","Google","Related","-","financial times dubai real estate","en","ae","0","-"
1462,"dubai real estate","Google","Related","-","dubai real estate worth it","en","ae","0","-"
1463,"dubai real estate","Google","Related","-","dubai real estate news instagram","en","ae","0","-"
1464,"dubai real estate","Google","Related","-","dubai real estate market saturation","en","ae","0","-"
1465,"dubai real estate","Google","Related","-","dubai real estate show channel 4","en","ae","0","-"
1466,"dubai real estate","Google","Related","-","sobha realty dubai real estate","en","ae","0","-"
1467,"dubai real estate","Google","Related","-","design innovation in dubai real estate","en","ae","0","-"
1468,"dubai real estate","Google","Related","-","dubai real estate form f","en","ae","0","-"
1469,"dubai real estate","Google","Related","-","heriot watt dubai real estate","en","ae","0","-"
1470,"dubai real estate","Google","Related","-","world islands dubai real estate","en","ae","0","-"
1471,"dubai real estate","Google","Related","-","dubai real estate regulations","en","ae","0","-"
1472,"dubai real estate","Google","Related","-","dubai real estate investor visa","en","ae","0","-"
1473,"dubai real estate","Google","Related","-","dubai real estate investment funds","en","ae","0","-"
1474,"dubai real estate","Google","Related","-","dubai real estate graph 2025","en","ae","0","-"
1475,"dubai real estate","Google","Related","-","dubai real estate expert","en","ae","0","-"
1476,"dubai real estate","Google","Related","-","dubai real estate sales 2025","en","ae","0","-"
1477,"dubai real estate","Google","Related","-","dubai real estate king indian","en","ae","0","-"
1478,"dubai real estate","Google","Related","-","buy dubai real estate with xrp","en","ae","0","-"
1479,"dubai real estate","Google","Related","-","dubai real estate performance 2024","en","ae","0","-"
1480,"dubai real estate","Google","Related","-","dubai real estate agent competition","en","ae","0","-"
1481,"dubai real estate","Google","Related","-","zed capital dubai real estate net worth","en","ae","0","-"
1482,"dubai real estate","Google","Related","-","dubai real estate generation","en","ae","0","-"
1483,"dubai real estate","Google","Related","-","dubai real estate financial times","en","ae","0","-"
1484,"dubai real estate","Google","Related","-","luxury homes dubai real estate","en","ae","0","-"
1485,"dubai real estate","Google","Related","-","average salary of dubai real estate agent","en","ae","0","-"
1486,"dubai real estate","Google","Related","-","dubai real estate growth graph","en","ae","0","-"
1487,"dubai real estate","Google","Related","-","al ferdous 3 dubai real estate centre photos","en","ae","0","-"
1488,"dubai real estate","Google","Related","-","dubai real estate strategy 2033 pdf","en","ae","0","-"
1489,"dubai real estate","Google","Related","-","dubai real estate billionaire","en","ae","0","-"
1490,"dubai real estate","Google","Related","-","dubai real estate insights podcast","en","ae","0","-"
1491,"dubai real estate","Google","Related","-","dubai real estate guide pdf","en","ae","0","-"
1492,"dubai real estate","Google","Related","-","dubai real estate market outlook 2026","en","ae","0","-"
1493,"dubai real estate","Google","Related","-","dubai real estate versus india","en","ae","0","-"
1494,"dubai real estate","Google","Related","-","dubai real estate market crash after iran attack","en","ae","0","-"
1495,"dubai real estate","Google","Related","-","dubai real estate viral video","en","ae","0","-"
1496,"dubai real estate","Google","Related","-","dubai real estate home","en","ae","0","-"
1497,"dubai real estate","Google","Related","-","dubai real estate broker jobs","en","ae","0","-"
1498,"dubai real estate","Google","Related","-","dubai real estate investment stock","en","ae","0","-"
1499,"dubai real estate","Google","Related","-","dubai real estate occupancy rate","en","ae","0","-"
1500,"dubai real estate","Google","Related","-","dubai real estate investment developers","en","ae","0","-"
1501,"dubai real estate","Google","Related","-","dubai real estate event in bangalore","en","ae","0","-"
1502,"dubai real estate","Google","Related","-","the dubai real estate market","en","ae","0","-"
1503,"dubai real estate","Google","Related","-","dubai real estate netflix show","en","ae","0","-"
1504,"dubai real estate","Google","Related","-","dubai real estate agent directory","en","ae","0","-"
1505,"dubai real estate","Google","Related","-","dubai real estate portfolio investment","en","ae","0","-"
1506,"dubai real estate","Google","Related","-","dubai real estate holding","en","ae","0","-"
1507,"dubai real estate","Google","Related","-","dubai real estate platform","en","ae","0","-"
1508,"dubai real estate","Google","Related","-","dubai real estate market share graph","en","ae","0","-"
1509,"dubai real estate","Google","Related","-","dubai real estate giant","en","ae","0","-"
1510,"dubai real estate","Google","Related","-","dubai real estate now reddit","en","ae","0","-"
1511,"dubai real estate","Google","Related","-","dubai real estate advice","en","ae","0","-"
1512,"dubai real estate","Google","Related","-","invest dubai real estate asad khan","en","ae","0","-"
1513,"dubai real estate","Google","Related","-","dubai real estate cold calls","en","ae","0","-"
1514,"dubai real estate","Google","Related","-","dubai real estate market trend 2024","en","ae","0","-"
1515,"dubai real estate","Google","Related","-","dubai real estate market graph 2026","en","ae","0","-"
1516,"dubai real estate","Google","Related","-","dubai real estate academy","en","ae","0","-"
1517,"dubai real estate","Google","Related","-","dubai real estate houses","en","ae","0","-"
1518,"dubai real estate","Google","Related","-","dubai real estate sales in march 2026","en","ae","0","-"
1519,"dubai real estate","Google","Related","-","dubai real estate market chart 2026","en","ae","0","-"
1520,"dubai real estate","Google","Related","-","dubai real estate positive news","en","ae","0","-"
1521,"dubai real estate","Google","Related","-","how to network in Dubai real estate","en","ae","0","-"
1522,"dubai real estate","Google","Related","-","dubai real estate investment return","en","ae","0","-"
1523,"dubai real estate","Google","Related","-","dubai real estate market hit","en","ae","0","-"
1524,"dubai real estate","Google","Related","-","dubai real estate 101 book","en","ae","0","-"
1525,"dubai real estate","Google","Related","-","dubai real estate buying mistakes","en","ae","0","-"
1526,"dubai real estate","Google","Related","-","dubai real estate market value","en","ae","0","-"
1527,"dubai real estate","Google","Related","-","dubai real estate with xrp","en","ae","0","-"
1528,"dubai real estate","Google","Related","-","dubai real estate agent arrested","en","ae","0","-"
1529,"dubai real estate","Google","Related","-","dubai real estate agents women","en","ae","0","-"
1530,"dubai real estate","Google","Related","-","why not to invest in dubai real estate","en","ae","0","-"
1531,"dubai real estate","Google","Related","-","dubai real estate for canadians","en","ae","0","-"
1532,"dubai real estate","Google","Related","-","dubai real estate spa","en","ae","0","-"
1533,"dubai real estate","Google","Related","-","dubai real estate gmail.com","en","ae","0","-"
1534,"dubai real estate","Google","Related","-","dubai real estate exhibition 2026","en","ae","0","-"
1535,"dubai real estate","Google","Related","-","dubai real estate event in mumbai 2025","en","ae","0","-"
1536,"dubai real estate","Google","Related","-","dubai real estate kya hai","en","ae","0","-"
1537,"dubai real estate","Google","Related","-","dubai real estate conferences","en","ae","0","-"
1538,"dubai real estate","Google","Related","-","dubai real estate expo chandigarh","en","ae","0","-"
1539,"dubai real estate","Google","Related","-","dubai real estate news arabian business","en","ae","0","-"
1540,"dubai real estate","Google","Related","-","dubai real estate locations","en","ae","0","-"
1541,"dubai real estate","Google","Related","-","dubai real estate shares","en","ae","0","-"
1542,"dubai real estate","Google","Related","-","dubai real estate footage","en","ae","0","-"
1543,"dubai real estate","Google","Related","-","dubai real estate market malayalam","en","ae","0","-"
1544,"dubai real estate","Google","Related","-","dubai real estate market booming","en","ae","0","-"
1545,"dubai real estate","Google","Related","-","dubai real estate to drop","en","ae","0","-"
1546,"dubai real estate","Google","Related","-","news about dubai real estate market","en","ae","0","-"
1547,"dubai real estate","Google","Related","-","dubai real estate growth per year","en","ae","0","-"
1548,"dubai real estate","Google","Related","-","dubai real estate to buy","en","ae","0","-"
1549,"dubai real estate","Google","Related","-","dubai real estate q3 2024","en","ae","0","-"
1550,"dubai real estate","Google","Related","-","dubai real estate trustee office","en","ae","0","-"
1551,"dubai real estate","Google","Related","-","dubai real estate growth last 10 years","en","ae","0","-"
1552,"dubai real estate","Google","Related","-","dubai real estate transactions today","en","ae","0","-"
1553,"dubai real estate","Google","Related","-","dubai real estate bubble risk","en","ae","0","-"
1554,"dubai real estate","Google","Related","-","latest news on dubai real estate market","en","ae","0","-"
1555,"dubai real estate","Google","Related","-","leads for dubai real estate","en","ae","0","-"
1556,"dubai real estate","Google","Related","-","dubai real estate benefits","en","ae","0","-"
1557,"dubai real estate","Google","Related","-","dubai real estate manager jobs","en","ae","0","-"
1558,"dubai real estate","Google","Related","-","dubai real estate broker website","en","ae","0","-"
1559,"dubai real estate","Google","Related","-","nvestment horizon dubai real estate","en","ae","0","-"
1560,"dubai real estate","Google","Related","-","buyer mistakes dubai real estate","en","ae","0","-"
1561,"dubai real estate","Google","Related","-","dubai real estate girl","en","ae","0","-"
1562,"dubai real estate","Google","Related","-","dubai real estate predictions","en","ae","0","-"
1563,"dubai real estate","Google","Related","-","can we invest in dubai real estate","en","ae","0","-"
1564,"dubai real estate","Google","Related","-","dubai real estate insight","en","ae","0","-"
1565,"dubai real estate","Google","Related","-","dubai real estate keywords","en","ae","0","-"
1566,"dubai real estate","Google","Related","-","best dubai real estate agency","en","ae","0","-"
1567,"dubai real estate","Google","Related","-","dubai real estate market forecast 2027","en","ae","0","-"
1568,"dubai real estate","Google","Related","-","dubai real estate investment quora","en","ae","0","-"
1569,"dubai real estate","Google","Related","-","dubai real estate emaar","en","ae","0","-"
1570,"dubai real estate","Google","Related","-","dubai real estate finance options","en","ae","0","-"
1571,"dubai real estate","Google","Related","-","dubai real estate business tamil","en","ae","0","-"
1572,"dubai real estate","Google","Related","-","dubai real estate walkthrough","en","ae","0","-"
1573,"dubai real estate","Google","Related","-","basics of dubai real estate","en","ae","0","-"
1574,"dubai real estate","Google","Related","-","dubai real estate companies hiring","en","ae","0","-"
1575,"dubai real estate","Google","Related","-","tps dubai real estate broker llc","en","ae","0","-"
1576,"dubai real estate","Google","Related","-","dubai real estate broker search","en","ae","0","-"
1577,"dubai real estate","Google","Related","-","dubai real estate agent female","en","ae","0","-"
1578,"dubai real estate","Google","Related","-","dubai real estate agent 2025","en","ae","0","-"
1579,"dubai real estate","Google","Related","-","dubai real estate things to know","en","ae","0","-"
1580,"dubai real estate","Google","Related","-","dubai real estate wallpaper","en","ae","0","-"
1581,"dubai real estate","Google","Related","-","dubai real estate for expats","en","ae","0","-"
1582,"dubai real estate","Google","Related","-","dubai real estate unplugged podcast","en","ae","0","-"
1583,"dubai real estate","Google","Related","-","dubai real estate under 100k","en","ae","0","-"
1584,"dubai real estate","Google","Related","-","dubai real estate on xrpl","en","ae","0","-"
1585,"dubai real estate","Google","Related","-","dubai real estate crypto tokenization","en","ae","0","-"
1586,"dubai real estate","Google","Related","-","dubai real estate villa prices","en","ae","0","-"
1587,"dubai real estate","Google","Related","-","dubai real estate market q2 2025","en","ae","0","-"
1588,"dubai real estate","Google","Related","-","dubai real estate market net worth","en","ae","0","-"
1589,"dubai real estate","Google","Related","-","dubai real estate market correction","en","ae","0","-"
1590,"dubai real estate","Google","Related","-","best investment areas in dubai real estate","en","ae","0","-"
1591,"dubai real estate","Google","Related","-","dubai real estate expo bangalore","en","ae","0","-"
1592,"dubai real estate","Google","Related","-","dubai real estate homes houses","en","ae","0","-"
1593,"dubai real estate","Google","Related","-","dubai real estate reels","en","ae","0","-"
1594,"dubai real estate","Google","Related","-","dubai real estate expo 2025 in india","en","ae","0","-"
1595,"dubai real estate","Google","Related","-","learn about dubai real estate market","en","ae","0","-"
1596,"dubai real estate","Google","Related","-","dubai real estate whatsapp group link free","en","ae","0","-"
1597,"dubai real estate","Google","Related","-","dubai real estate companies owner","en","ae","0","-"
1598,"dubai real estate","Google","Related","-","dubai real estate transaction volume","en","ae","0","-"
1599,"dubai real estate","Google","Related","-","dubai real estate in dollars","en","ae","0","-"
1600,"dubai real estate","Google","Related","-","dubai real estate lahore","en","ae","0","-"
1601,"dubai real estate","Google","Related","-","dubai real estate demand 2025","en","ae","0","-"
1602,"dubai real estate","Google","Related","-","dubai real estate buyers by nationality 2023","en","ae","0","-"
1603,"dubai real estate","Google","Related","-","dubai real estate investment group","en","ae","0","-"
1604,"dubai real estate","Google","Related","-","canadians investing in dubai real estate","en","ae","0","-"
1605,"dubai real estate","Google","Related","-","dubai real estate agent girls reddit","en","ae","0","-"
1606,"dubai real estate","Google","Related","-","dubai real estate private equity","en","ae","0","-"
1607,"dubai real estate","Google","Related","-","buy dubai real estate leads","en","ae","0","-"
1608,"dubai real estate","Google","Related","-","dubai real estate investment 2023","en","ae","0","-"
1609,"dubai real estate","Google","Related","-","due diligence checklist dubai real estate","en","ae","0","-"
1610,"dubai real estate","Google","Related","-","dubai real estate myths explained","en","ae","0","-"
1611,"dubai real estate","Google","Related","-","investor webinar topics dubai real estate","en","ae","0","-"
1612,"dubai real estate","Google","Related","-","supply pipeline dubai real estate","en","ae","0","-"
1613,"dubai real estate","Google","Related","-","after sales services dubai real estate","en","ae","0","-"
1614,"dubai real estate","Google","Related","-","is dubai real estate affected by iran war","en","ae","0","-"
1615,"dubai real estate","Google","Related","-","is dubai real estate crashing due to war","en","ae","0","-"
1616,"dubai real estate","Google","Related","-","dubai real estate process","en","ae","0","-"
1617,"dubai real estate","Google","Related","-","emaar dubai real estate market","en","ae","0","-"
1618,"dubai real estate","Google","Related","-","dubai real estate gone down","en","ae","0","-"
1619,"dubai real estate","Google","Related","-","why do you want to join dubai real estate","en","ae","0","-"
1620,"dubai real estate","Google","Related","-","skg estates dubai real estate off plan properties","en","ae","0","-"
1621,"dubai real estate","Google","Related","-","dubai real estate is a bubble","en","ae","0","-"
1622,"dubai real estate","Google","Related","-","where to buy dubai real estate index","en","ae","0","-"
1623,"dubai real estate","Google","Related","-","dubai real estate investors by nationality 2021","en","ae","0","-"
1624,"dubai real estate","Google","Related","-","dubai real estate near malls & highways","en","ae","0","-"
1625,"dubai real estate","Google","Related","-","how much is dubai real estate down","en","ae","0","-"
1626,"dubai real estate","Google","Related","-","dubai real estate is down","en","ae","0","-"
1627,"dubai real estate","Google","Related","-","dubai real estate openings","en","ae","0","-"
1628,"dubai real estate","Google","Related","-","dubai real estate minimum investment","en","ae","0","-"
1629,"dubai real estate","Google","Related","-","dubai real estate tvc","en","ae","0","-"
1630,"dubai real estate","Google","Related","-","dubai real estate market crash today","en","ae","0","-"
1631,"dubai real estate","Google","Related","-","dubai real estate knowledge bank","en","ae","0","-"
1632,"dubai real estate","Google","Related","-","noc in dubai real estate","en","ae","0","-"
1633,"dubai real estate","Google","Related","-","dubai real estate investment agencies","en","ae","0","-"
1634,"dubai real estate","Google","Related","-","dubai real estate 2 million budget","en","ae","0","-"
1635,"dubai real estate","Google","Related","-","dubai real estate market facts","en","ae","0","-"
1636,"dubai real estate","Google","Related","-","dubai real estate digital marketing lead generation","en","ae","0","-"
1637,"dubai real estate","Google","Related","-","best marketing agency for dubai real estate","en","ae","0","-"
1638,"dubai real estate","Google","Related","-","dubai real estate market report 2025","en","ae","0","-"
1639,"dubai real estate","Google","Related","-","dubai real estate market forecast 2030 pdf","en","ae","0","-"
1640,"dubai real estate","Google","Related","-","dubai real estate investment for indians","en","ae","0","-"
1641,"dubai real estate","Google","Related","-","how much has dubai real estate crashed","en","ae","0","-"
1642,"dubai real estate","Google","Related","-","dubai real estate beyond","en","ae","0","-"
1643,"dubai real estate","Google","Related","-","dubai real estate agents database","en","ae","0","-"
1644,"dubai real estate","Google","Related","-","hr jobs in dubai real estate","en","ae","0","-"
1645,"dubai real estate","Google","Related","-","is it worth investing in dubai real estate now","en","ae","0","-"
1646,"dubai real estate","Google","Related","-","dubai real estate a good investment","en","ae","0","-"
1647,"dubai real estate","Google","Related","-","top 50 dubai real estate influencers","en","ae","0","-"
1648,"dubai real estate","Google","Related","-","jobs dubai real estate investment","en","ae","0","-"
1649,"dubai real estate","Google","Related","-","how to invest in dubai real estate for beginners","en","ae","0","-"
1650,"dubai real estate","Google","Related","-","vivek oberoi business in dubai real estate","en","ae","0","-"
1651,"dubai real estate","Google","Related","-","dubai real estate leads for agents and brokers","en","ae","0","-"
1652,"dubai real estate","Google","Related","-","dubai real estate report 2023 pdf","en","ae","0","-"
1653,"dubai real estate","Google","Related","-","dubai real estate investment fund","en","ae","0","-"
1654,"dubai real estate","Google","Related","-","dubai real estate q1 2024","en","ae","0","-"
1655,"dubai real estate","Google","Related","-","dubai real estate market forecast for 2025","en","ae","0","-"
1656,"dubai real estate","Google","Related","-","dubai real estate agent scam","en","ae","0","-"
1657,"dubai real estate","Google","Related","-","dubai real estate company name list","en","ae","0","-"
1658,"dubai real estate","Google","Related","-","dubai real estate company in gurgaon","en","ae","0","-"
1659,"dubai real estate","Google","Related","-","interesting facts about dubai real estate","en","ae","0","-"
1660,"dubai real estate","Google","Related","-","dubai real estate ai","en","ae","0","-"
1661,"dubai real estate","Google","Related","-","dubai real estate market last 10 years","en","ae","0","-"
1662,"dubai real estate","Google","Related","-","dubai real estate company in delhi","en","ae","0","-"
1663,"dubai real estate","Google","Related","-","dubai real estate off plan projects","en","ae","0","-"
1664,"dubai real estate","Google","Related","-","dubai real estate appreciation per year","en","ae","0","-"
1665,"dubai real estate","Google","Related","-","dubai real estate government website","en","ae","0","-"
1666,"dubai real estate","Google","Related","-","dubai real estate market vs tokyo","en","ae","0","-"
1667,"dubai real estate","Google","Related","-","dubai real estate market forecast for next 5 years","en","ae","0","-"
1668,"dubai real estate","Google","Related","-","is dubai real estate a safe investment","en","ae","0","-"
1669,"dubai real estate","Google","Related","-","dubai real estate king from india","en","ae","0","-"
1670,"dubai real estate","Google","Related","-","how much is dubai real estate worth","en","ae","0","-"
1671,"dubai real estate","Google","Related","-","dubai real estate 2025 outlook","en","ae","0","-"
1672,"dubai real estate","Google","Related","-","one sky park dubai real estate","en","ae","0","-"
1673,"dubai real estate","Google","Related","-","dubai real estate nepali","en","ae","0","-"
1674,"dubai real estate","Google","Related","-","dubai real estate new launches 2024","en","ae","0","-"
1675,"dubai real estate","Google","Related","-","madinat al mataar investment opportunity dubai real estate","en","ae","0","-"
1676,"dubai real estate","Google","Related","-","dubai real estate q3 2025","en","ae","0","-"
1677,"dubai real estate","Google","Related","-","dubai real estate advisor","en","ae","0","-"
1678,"dubai real estate","Google","Related","-","dubai real estate bubble reddit","en","ae","0","-"
1679,"dubai real estate","Google","Related","-","how is roi calculated in dubai real estate","en","ae","0","-"
1680,"dubai real estate","Google","Related","-","dubai real estate market knowledge","en","ae","0","-"
1681,"dubai real estate","Google","Related","-","dubai real estate trap","en","ae","0","-"
1682,"dubai real estate","Google","Related","-","minimum investment in dubai real estate for indian","en","ae","0","-"
1683,"dubai real estate","Google","Related","-","dubai real estate russia","en","ae","0","-"
1684,"dubai real estate","Google","Related","-","dubai real estate website reddit","en","ae","0","-"
1685,"dubai real estate","Google","Related","-","dubai real estate jobs near me","en","ae","0","-"
1686,"dubai real estate","Google","Related","-","dubai real estate job opportunities","en","ae","0","-"
1687,"dubai real estate","Google","Related","-","best places to invest in dubai real estate 2025","en","ae","0","-"
1688,"dubai real estate","Google","Related","-","dubai real estate lead conversion","en","ae","0","-"
1689,"dubai real estate","Google","Related","-","distress deal dubai real estate","en","ae","0","-"
1690,"dubai real estate","Google","Related","-","top 10 dubai real estate stocks","en","ae","0","-"
1691,"dubai real estate","Google","Related","-","dubai real estate index buy","en","ae","0","-"
1692,"dubai real estate","Google","Related","-","dubai real estate index fall 2026","en","ae","0","-"
1693,"dubai real estate","Google","Related","-","dubai real estate market trading view","en","ae","0","-"
1694,"dubai real estate","Google","Related","-","dubai real estate down 30","en","ae","0","-"
1695,"dubai real estate","Google","Related","-","dubai real estate news daily","en","ae","0","-"
1696,"dubai real estate","Google","Related","-","dubai real estate down 60","en","ae","0","-"
1697,"dubai real estate","Google","Related","-","dubai real estate market report 2021","en","ae","0","-"
1698,"dubai real estate","Google","Related","-","how to invest in dubai real estate index from us","en","ae","0","-"
1699,"dubai real estate","Google","Related","-","status of dubai real estate market","en","ae","0","-"
1700,"dubai real estate","Google","Related","-","is dubai real estate sustainable","en","ae","0","-"
1701,"dubai real estate","Google","Related","-","dubai real estate service charges","en","ae","0","-"
1702,"dubai real estate","Google","Related","-","investment in dubai real estate for indian","en","ae","0","-"
1703,"dubai real estate","Google","Related","-","dubai real estate supply","en","ae","0","-"
1704,"dubai real estate","Google","Related","-","dubai real estate tv program","en","ae","0","-"
1705,"dubai real estate","Google","Related","-","can i invest in dubai real estate","en","ae","0","-"
1706,"dubai real estate","Google","Related","-","loan dubai real estate","en","ae","0","-"
1707,"dubai real estate","Google","Related","-","dubai real estate market pdf","en","ae","0","-"
1708,"dubai real estate","Google","Related","-","dubai real estate solicitor jobs","en","ae","0","-"
1709,"dubai real estate","Google","Related","-","dubai real estate issues","en","ae","0","-"
1710,"dubai real estate","Google","Related","-","dubai real estate presentation pdf","en","ae","0","-"
1711,"dubai real estate","Google","Related","-","investment advisory dubai real estate","en","ae","0","-"
1712,"dubai real estate","Google","Related","-","escrow account rules dubai real estate","en","ae","0","-"
1713,"dubai real estate","Google","Related","-","investing in dubai real estate benefits","en","ae","0","-"
1714,"dubai real estate","Google","Related","-","how to invest in dubai real estate for foreigners","en","ae","0","-"
1715,"dubai real estate","Google","Related","-","best way to invest in dubai real estate","en","ae","0","-"
1716,"dubai real estate","Google","Related","-","british nationals dubai real estate","en","ae","0","-"
1717,"dubai real estate","Google","Related","-","dubai real estate price trend","en","ae","0","-"
1718,"dubai real estate","Google","Related","-","dubai real estate assistance","en","ae","0","-"
1719,"dubai real estate","Google","Related","-","dubai real estate support","en","ae","0","-"
1720,"dubai real estate","Google","Related","-","curly tales with dubai real estate","en","ae","0","-"
1721,"dubai real estate","Google","Related","-","dubai real estate everything you need to know","en","ae","0","-"
1722,"dubai real estate","Google","Related","-","dubai real estate business malayalam","en","ae","0","-"
1723,"dubai real estate","Google","Related","-","dubai real estate in hindi","en","ae","0","-"
1724,"dubai real estate","Google","Related","-","dubai real estate prices in indian rupees","en","ae","0","-"
1725,"dubai real estate","Google","Related","-","executive search dubai real estate","en","ae","0","-"
1726,"dubai real estate","Google","Related","-","dubai real estate fees","en","ae","0","-"
1727,"dubai real estate","Google","Related","-","dubai real estate regulatory agency rera","en","ae","0","-"
1728,"dubai real estate","Google","Related","-","study dubai real estate","en","ae","0","-"
1729,"dubai real estate","Google","Related","-","dubai real estate 4k","en","ae","0","-"
1730,"dubai real estate","Google","Related","-","best dubai real estate software","en","ae","0","-"
1731,"dubai real estate","Google","Related","-","dubai real estate rates","en","ae","0","-"
1732,"dubai real estate","Google","Related","-","dubai real estate expo melbourne","en","ae","0","-"
1733,"dubai real estate","Google","Related","-","dubai real estate news 2026","en","ae","0","-"
1734,"dubai real estate","Google","Related","-","dubai real estate promo","en","ae","0","-"
1735,"dubai real estate","Google","Related","-","dubai real estate investment from india","en","ae","0","-"
1736,"dubai real estate","Google","Related","-","dubai real estate market report 2026","en","ae","0","-"
1737,"dubai real estate","Google","Related","-","how to enter dubai real estate market","en","ae","0","-"
1738,"dubai real estate","Google","Related","-","dubai real estate market size 2025","en","ae","0","-"
1739,"dubai real estate","Google","Related","-","dubai real estate expo chicago","en","ae","0","-"
1740,"dubai real estate","Google","Related","-","dubai real estate business plan","en","ae","0","-"
1741,"dubai real estate","Google","Related","-","lead generation for dubai real estate companies","en","ae","0","-"
1742,"dubai real estate","Google","Related","-","dubai real estate noc","en","ae","0","-"
1743,"dubai real estate","Google","Related","-","dubai real estate market report 2024 pdf","en","ae","0","-"
1744,"dubai real estate","Google","Related","-","dubai real estate me invest kaise kare","en","ae","0","-"
1745,"dubai real estate","Google","Related","-","dubai real estate loss","en","ae","0","-"
1746,"dubai real estate","Google","Related","-","new launch projects in dubai real estate","en","ae","0","-"
1747,"dubai real estate","Google","Related","-","dubai real estate calling","en","ae","0","-"
1748,"dubai real estate","Google","Related","-","dubai real estate agents near me","en","ae","0","-"
1749,"dubai real estate","Google","Related","-","dubai real estate establishment","en","ae","0","-"
1750,"dubai real estate","Google","Related","-","who owns dubai real estate","en","ae","0","-"
1751,"dubai real estate","Google","Related","-","marketing jobs in dubai real estate","en","ae","0","-"
1752,"dubai real estate","Google","Related","-","dubai real estate market post war","en","ae","0","-"
1753,"dubai real estate","Google","Related","-","dubai real estate during war","en","ae","0","-"
1754,"dubai real estate","Google","Related","-","will dubai real estate crash after iran war","en","ae","0","-"
1755,"dubai real estate","Google","Related","-","why invest in dubai real estate 2025","en","ae","0","-"
1756,"dubai real estate","Google","Related","-","dubai real estate social media posts","en","ae","0","-"
1757,"dubai real estate","Google","Related","-","dubai real estate female investors transactions","en","ae","0","-"
1758,"dubai real estate","Google","Related","-","dubai real estate finance","en","ae","0","-"
1759,"dubai real estate","Google","Related","-","kite beach dubai real estate","en","ae","0","-"
1760,"dubai real estate","Google","Related","-","dubai real estate market forecast 2024 pdf","en","ae","0","-"
1761,"dubai real estate","Google","Related","-","dubai real estate index crash","en","ae","0","-"
1762,"dubai real estate","Google","Related","-","dubai real estate price chart 2026","en","ae","0","-"
1763,"dubai real estate","Google","Related","-","why invest in dubai real estate market","en","ae","0","-"
1764,"dubai real estate","Google","Related","-","safe investment in dubai real estate","en","ae","0","-"
1765,"dubai real estate","Google","Related","-","dubai real estate market bloomberg","en","ae","0","-"
1766,"dubai real estate","Google","Related","-","dubai real estate licence","en","ae","0","-"
1767,"dubai real estate","Google","Related","-","how to invest dubai real estate index from india","en","ae","0","-"
1768,"dubai real estate","Google","Related","-","how to short dubai real estate market","en","ae","0","-"
1769,"dubai real estate","Google","Related","-","what happened to dubai real estate market","en","ae","0","-"
1770,"dubai real estate","Google","Related","-","dubai real estate market tradingview","en","ae","0","-"
1771,"dubai real estate","Google","Related","-","dubai real estate for foreigners","en","ae","0","-"
1772,"dubai real estate","Google","Related","-","will dubai real estate fall","en","ae","0","-"
1773,"dubai real estate","Google","Related","-","dubai real estate boom sparks investor rush despite warnings","en","ae","0","-"
1774,"dubai real estate","Google","Related","-","dubai real estate market cap","en","ae","0","-"
1775,"dubai real estate","Google","Related","-","when will dubai real estate market crash","en","ae","0","-"
1776,"dubai real estate","Google","Related","-","how to invest in dubai real estate from canada","en","ae","0","-"
1777,"dubai real estate","Google","Related","-","how to get dubai real estate license","en","ae","0","-"
1778,"dubai real estate","Google","Related","-","dubai real estate jobs in gurgaon","en","ae","0","-"
1779,"dubai real estate","Google","Related","-","dubai real estate jobs for americans","en","ae","0","-"
1780,"dubai real estate","Google","Related","-","how does commission work in dubai real estate","en","ae","0","-"
1781,"dubai real estate","Google","Related","-","dubai real estate corporation owner","en","ae","0","-"
1782,"dubai real estate","Google","Related","-","first dubai real estate development co kscc","en","ae","0","-"
1783,"dubai real estate","Google","Related","-","average salary in dubai real estate","en","ae","0","-"
1784,"dubai real estate","Google","Related","-","dubai real estate market h1 2025","en","ae","0","-"
1785,"dubai real estate","Google","Related","-","dubai real estate fdi","en","ae","0","-"
1786,"dubai real estate","Google","Related","-","dubai real estate jobs reality","en","ae","0","-"
1787,"dubai real estate","Google","Related","-","dubai real estate expo kolkata","en","ae","0","-"
1788,"dubai real estate","Google","Related","-","dubai real estate yoy growth","en","ae","0","-"
1789,"dubai real estate","Google","Related","-","where to buy dubai real estate","en","ae","0","-"
1790,"dubai real estate","Google","Related","-","invest dubai real estate reddit","en","ae","0","-"
1791,"dubai real estate","Google","Related","-","dubai real estate eoi","en","ae","0","-"
1792,"dubai real estate","Google","Related","-","upcoming dubai real estate events","en","ae","0","-"
1793,"dubai real estate","Google","Related","-","dubai real estate and xrp","en","ae","0","-"
1794,"dubai real estate","Google","Related","-","dubai real estate market forecast 2025 forbes","en","ae","0","-"
1795,"dubai real estate","Google","Related","-","best areas for growth in dubai real estate","en","ae","0","-"
1796,"dubai real estate","Google","Related","-","dubai real estate july 2025 sales","en","ae","0","-"
1797,"dubai real estate","Google","Related","-","dubai real estate in 10 years","en","ae","0","-"
1798,"dubai real estate","Google","Related","-","dubai real estate law book","en","ae","0","-"
1799,"dubai real estate","Google","Related","-","dubai real estate market undervalued stocks","en","ae","0","-"
1800,"dubai real estate","Google","Related","-","luxury dubai real estate company","en","ae","0","-"
1801,"dubai real estate","Google","Related","-","dubai real estate homes","en","ae","0","-"
1802,"dubai real estate","Google","Related","-","dubai real estate informational post","en","ae","0","-"
1803,"dubai real estate","Google","Related","-","dubai real estate owners offered service fee payment support","en","ae","0","-"
1804,"dubai real estate","Google","Related","-","dubai real estate certificate","en","ae","0","-"
1805,"dubai real estate","Google","Related","-","dubai real estate property monitor","en","ae","0","-"
1806,"dubai real estate","Google","Related","-","dubai real estate owners","en","ae","0","-"
1807,"dubai real estate","Google","Related","-","companies in dubai real estate","en","ae","0","-"
1808,"dubai real estate","Google","Related","-","dubai real estate market 2025 telugu","en","ae","0","-"
1809,"dubai real estate","Google","Related","-","dubai real estate bubble 2024","en","ae","0","-"
1810,"dubai real estate","Google","Related","-","dubai real estate crash 2026","en","ae","0","-"
1811,"dubai real estate","Google","Related","-","dubai real estate newsletter","en","ae","0","-"
1812,"dubai real estate","Google","Related","-","dubai real estate wam","en","ae","0","-"
1813,"dubai real estate","Google","Related","-","dubai real estate market sees record hd650 million land sale","en","ae","0","-"
1814,"dubai real estate","Google","Related","-","dubai real estate market potential","en","ae","0","-"
1815,"dubai real estate","Google","Related","-","dubai real estate market history graph","en","ae","0","-"
1816,"dubai real estate","Google","Related","-","dubai real estate market correction 2025","en","ae","0","-"
1817,"dubai real estate","Google","Related","-","dubai real estate market price chart","en","ae","0","-"
1818,"dubai real estate","Google","Related","-","dubai real estate market jll","en","ae","0","-"
1819,"dubai real estate","Google","Related","-","top 5 dubai real estate companies","en","ae","0","-"
1820,"dubai real estate","Google","Related","-","dubai real estate today news on ig","en","ae","0","-"
1821,"dubai real estate","Google","Related","-","events in dubai real estate","en","ae","0","-"
1822,"dubai real estate","Google","Related","-","is dubai real estate a good investment reddit","en","ae","0","-"
1823,"dubai real estate","Google","Related","-","dubai real estate guy","en","ae","0","-"
1824,"dubai real estate","Google","Related","-","dubai real estate images hd","en","ae","0","-"
1825,"dubai real estate","Google","Related","-","dubai real estate influencer","en","ae","0","-"
1826,"dubai real estate","Google","Related","-","dubai real estate online","en","ae","0","-"
1827,"dubai real estate","Google","Related","-","dubai real estate service charge","en","ae","0","-"
1828,"dubai real estate","Google","Related","-","dubai real estate property management","en","ae","0","-"
1829,"dubai real estate","Google","Related","-","how does the dubai real estate market work","en","ae","0","-"
1830,"dubai real estate","Google","Related","-","dubai real estate news 2025","en","ae","0","-"
1831,"dubai real estate","Google","Related","-","ai impact on dubai real estate","en","ae","0","-"
1832,"dubai real estate","Google","Related","-","dubai real estate vs stock market","en","ae","0","-"
1833,"dubai real estate","Google","Related","-","dubai real estate for foreigners review","en","ae","0","-"
1834,"dubai real estate","Google","Related","-","seasonal trends dubai real estate","en","ae","0","-"
1835,"dubai real estate","Google","Related","-","legal faqs dubai real estate","en","ae","0","-"
1836,"dubai real estate","Google","Related","-","3 dubai real estate developers conference 2025","en","ae","0","-"
1837,"dubai real estate","Google","Related","-","dubai real estate in 2023","en","ae","0","-"
1838,"dubai real estate","Google","Related","-","dubai real estate expats","en","ae","0","-"
1839,"dubai real estate","Google","Related","-","dubai real estate indicators","en","ae","0","-"
1840,"dubai real estate","Google","Related","-","dubai real estate investment strategy","en","ae","0","-"
1841,"dubai real estate","Google","Related","-","ai for dubai real estate","en","ae","0","-"
1842,"dubai real estate","Google","Related","-","top dubai real estate developers","en","ae","0","-"
1843,"dubai real estate","Google","Related","-","rimi sen dubai real estate agent","en","ae","0","-"
1844,"dubai real estate","Google","Related","-","dubai real estate currency stability","en","ae","0","-"
1845,"dubai real estate","Google","Related","-","iran war effect on dubai real estate","en","ae","0","-"
1846,"dubai real estate","Google","Related","-","dubai real estate development opportunities","en","ae","0","-"
1847,"dubai real estate","Google","Related","-","dubai real estate listings online","en","ae","0","-"
1848,"dubai real estate","Google","Related","-","dubai real estate agent training course","en","ae","0","-"
1849,"dubai real estate","Google","Related","-","dubai real estate rera","en","ae","0","-"
1850,"dubai real estate","Google","Related","-","how is dubai real estate now","en","ae","0","-"
1851,"dubai real estate","Google","Related","-","dubai real estate graph after war","en","ae","0","-"
1852,"dubai real estate","Google","Related","-","dubai real estate market current status","en","ae","0","-"
1853,"dubai real estate","Google","Related","-","how much dubai real estate agents make","en","ae","0","-"
1854,"dubai real estate","Google","Related","-","can you short dubai real estate","en","ae","0","-"
1855,"dubai real estate","Google","Related","-","dubai real estate cycle","en","ae","0","-"
1856,"dubai real estate","Google","Related","-","dubai real estate market value graph","en","ae","0","-"
1857,"dubai real estate","Google","Related","-","dubai real estate rental returns","en","ae","0","-"
1858,"dubai real estate","Google","Related","-","dubai real estate market in 2025","en","ae","0","-"
1859,"dubai real estate","Google","Related","-","dubai real estate market report pdf","en","ae","0","-"
1860,"dubai real estate","Google","Related","-","dubai real estate event in dallas","en","ae","0","-"
1861,"dubai real estate","Google","Related","-","dubai real estate event in singapore","en","ae","0","-"
1862,"dubai real estate","Google","Related","-","dubai real estate conference 2026","en","ae","0","-"
1863,"dubai real estate","Google","Related","-","dubai real estate expo pune","en","ae","0","-"
1864,"dubai real estate","Google","Related","-","dubai real estate investment for indian","en","ae","0","-"
1865,"dubai real estate","Google","Related","-","dubai real estate viral video australia","en","ae","0","-"
1866,"dubai real estate","Google","Related","-","dubai real estate contact","en","ae","0","-"
1867,"dubai real estate","Google","Related","-","dubai real estate market after iran war","en","ae","0","-"
1868,"dubai real estate","Google","Related","-","dubai real estate market trends 2025","en","ae","0","-"
1869,"dubai real estate","Google","Related","-","dubai real estate turnover","en","ae","0","-"
1870,"dubai real estate","Google","Related","-","is dubai real estate worth investing in","en","ae","0","-"
1871,"dubai real estate","Google","Related","-","dubai real estate to rent","en","ae","0","-"
1872,"dubai real estate","Google","Related","-","dubai real estate profit","en","ae","0","-"
1873,"dubai real estate","Google","Related","-","dubai real estate hyderabad","en","ae","0","-"
1874,"dubai real estate","Google","Related","-","dubai real estate corporation careers","en","ae","0","-"
1875,"dubai real estate","Google","Related","-","stocks for dubai real estate","en","ae","0","-"
1876,"dubai real estate","Google","Related","-","dubai real estate investment zones","en","ae","0","-"
1877,"dubai real estate","Google","Related","-","dubai real estate opportunities for investors","en","ae","0","-"
1878,"dubai real estate","Google","Related","-","best crm for dubai real estate leads","en","ae","0","-"
1879,"dubai real estate","Google","Related","-","azizi dubai real estate for expats","en","ae","0","-"
1880,"dubai real estate","Google","Related","-","dubai real estate jumeirah","en","ae","0","-"
1881,"dubai real estate","Google","Related","-","dubai real estate lawyer jobs","en","ae","0","-"
1882,"dubai real estate","Google","Related","-","is it safe to invest in dubai real estate now","en","ae","0","-"
1883,"dubai real estate","Google","Related","-","distress deals in dubai real estate","en","ae","0","-"
1884,"dubai real estate","Google","Related","-","best seo strategy for dubai real estate","en","ae","0","-"
1885,"dubai real estate","Google","Related","-","conveyance fee dubai real estate","en","ae","0","-"
1886,"dubai real estate","Google","Related","-","dubai real estate market slow down","en","ae","0","-"
1887,"dubai real estate","Google","Related","-","dubai real estate market in current situation","en","ae","0","-"
1888,"dubai real estate","Google","Related","-","dubai real estate investment advisory","en","ae","0","-"
1889,"dubai real estate","Google","Related","-","is dubai real estate prices falling","en","ae","0","-"
1890,"dubai real estate","Google","Related","-","best dubai real estate brokers","en","ae","0","-"
1891,"dubai real estate","Google","Related","-","best dubai real estate agencies","en","ae","0","-"
1892,"dubai real estate","Google","Related","-","dubai real estate investment price","en","ae","0","-"
1893,"dubai real estate","Google","Related","-","why is dubai real estate market booming","en","ae","0","-"
1894,"dubai real estate","Google","Related","-","dubai real estate zones","en","ae","0","-"
1895,"dubai real estate","Google","Related","-","dubai real estate quora","en","ae","0","-"
1896,"dubai real estate","Google","Related","-","dubai real estate 2026 reddit","en","ae","0","-"
1897,"dubai real estate","Google","Related","-","123 dubai real estate","en","ae","0","-"
1898,"dubai real estate","Google","Related","-","dubai real estate etf canada","en","ae","0","-"
1899,"dubai real estate","Google","Related","-","will dubai real estate prices drop","en","ae","0","-"
1900,"dubai real estate","Google","Related","-","dubai real estate arrested","en","ae","0","-"
1901,"dubai real estate","Google","Related","-","dubai real estate phone number","en","ae","0","-"
1902,"dubai real estate","Google","Related","-","dubai real estate trends for investors","en","ae","0","-"
1903,"dubai real estate","Google","Related","-","dubai real estate class","en","ae","0","-"
1904,"dubai real estate","Google","Related","-","huspy dubai real estate","en","ae","0","-"
1905,"dubai real estate","Google","Related","-","oqood dubai real estate","en","ae","0","-"
1906,"dubai real estate","Google","Related","-","dubai real estate telegram bot","en","ae","0","-"
1907,"dubai real estate","Google","Related","-","dubai real estate xrpl","en","ae","0","-"
1908,"dubai real estate","Google","Related","-","dubai real estate job scam","en","ae","0","-"
1909,"dubai real estate","Google","Related","-","dubai real estate companies vacancy","en","ae","0","-"
1910,"dubai real estate","Google","Related","-","what's new in dubai real estate","en","ae","0","-"
1911,"dubai real estate","Google","Related","-","dubai real estate evolution","en","ae","0","-"
1912,"dubai real estate","Google","Related","-","dubai real estate now","en","ae","0","-"
1913,"dubai real estate","Google","Related","-","dubai real estate market return","en","ae","0","-"
1914,"dubai real estate","Google","Related","-","dubai real estate centre building","en","ae","0","-"
1915,"dubai real estate","Google","Related","-","dubai real estate investment platform","en","ae","0","-"
1916,"dubai real estate","Google","Related","-","dubai real estate brokers for selling","en","ae","0","-"
1917,"dubai real estate","Google","Related","-","dubai real estate reality show","en","ae","0","-"
1918,"dubai real estate","Google","Related","-","dubai real estate bangla","en","ae","0","-"
1919,"dubai real estate","Google","Related","-","dubai real estate flipping","en","ae","0","-"
1920,"dubai real estate","Google","Related","-","dubai real estate agent linkedin","en","ae","0","-"
1921,"dubai real estate","Google","Related","-","dubai real estate roi estimation","en","ae","0","-"
1922,"dubai real estate","Google","Related","-","dubai real estate investment workshops for expats","en","ae","0","-"
1923,"dubai real estate","Google","Related","-","dubai real estate transaction data","en","ae","0","-"
1924,"dubai real estate","Google","Related","-","dubai real estate investment llc","en","ae","0","-"
1925,"dubai real estate","Google","Related","-","dubai real estate sales july","en","ae","0","-"
1926,"dubai real estate","Google","Related","-","dubai real estate visiting card","en","ae","0","-"
1927,"dubai real estate","Google","Related","-","will dubai real estate crash reddit","en","ae","0","-"
1928,"dubai real estate","Google","Related","-","mohammad zohaib dubai real estate","en","ae","0","-"
1929,"dubai real estate","Google","Related","-","dubai real estate in euro","en","ae","0","-"
1930,"dubai real estate","Google","Related","-","marketing agency dubai real estate","en","ae","0","-"
1931,"dubai real estate","Google","Related","-","dubai real estate investment india buyers","en","ae","0","-"
1932,"dubai real estate","Google","Related","-","dubai real estate numbers","en","ae","0","-"
1933,"dubai real estate","Google","Related","-","dubai real estate in","en","ae","0","-"
1934,"dubai real estate","Google","Related","-","dubai real estate indian companies","en","ae","0","-"
1935,"dubai real estate","Google","Related","-","dubai real estate provident","en","ae","0","-"
1936,"dubai real estate","Google","Related","-","is investing in dubai real estate good","en","ae","0","-"
1937,"dubai real estate","Google","Related","-","dubai real estate millionaire","en","ae","0","-"
1938,"dubai real estate","Google","Related","-","how to invest in dubai real estate reddit","en","ae","0","-"
1939,"dubai real estate","Google","Related","-","dubai real estate lawyer salary","en","ae","0","-"
1940,"dubai real estate","Google","Related","-","dubai real estate market snapshot","en","ae","0","-"
1941,"dubai real estate","Google","Related","-","dubai real estate usdt","en","ae","0","-"
1942,"dubai real estate","Google","Related","-","dubai real estate prices news","en","ae","0","-"
1943,"dubai real estate","Google","Related","-","strategic partnerships in dubai real estate","en","ae","0","-"
1944,"dubai real estate","Google","Related","-","dubai real estate template","en","ae","0","-"
1945,"dubai real estate","Google","Related","-","top 10 nationalities investing in dubai real estate","en","ae","0","-"
1946,"dubai real estate","Google","Related","-","invest in dubai real estate stocks","en","ae","0","-"
1947,"dubai real estate","Google","Related","-","dubai real estate business man","en","ae","0","-"
1948,"dubai real estate","Google","Related","-","dubai real estate agent hiring","en","ae","0","-"
1949,"dubai real estate","Google","Related","-","dubai real estate for sale map","en","ae","0","-"
1950,"dubai real estate","Google","Related","-","dubai real estate bubble burst","en","ae","0","-"
1951,"dubai real estate","Google","Related","-","dubai real estate is bubble","en","ae","0","-"
1952,"dubai real estate","Google","Related","-","is dubai real estate a good investment in 2025","en","ae","0","-"
1953,"dubai real estate","Google","Related","-","dubai real estate company for sale","en","ae","0","-"
1954,"dubai real estate","Google","Related","-","dubai real estate design trends 2025","en","ae","0","-"
1955,"dubai real estate","Google","Related","-","dubai real estate 2033 strategy growth","en","ae","0","-"
1956,"dubai real estate","Google","Related","-","dubai real estate centre directory","en","ae","0","-"
1957,"dubai real estate","Google","Related","-","hospitality investment dubai real estate","en","ae","0","-"
1958,"dubai real estate","Google","Related","-","dubai real estate for international buyers","en","ae","0","-"
1959,"dubai real estate","Google","Related","-","dubai real estate knight frank","en","ae","0","-"
1960,"dubai real estate","Google","Related","-","why people invest in dubai real estate","en","ae","0","-"
1961,"dubai real estate","Google","Related","-","how to invest in dubai real estate from india online","en","ae","0","-"
1962,"dubai real estate","Google","Related","-","dubai real estate market news today","en","ae","0","-"
1963,"dubai real estate","Google","Related","-","blog dubai real estate","en","ae","0","-"
1964,"dubai real estate","Google","Related","-","dubai real estate youtube","en","ae","0","-"
1965,"dubai real estate","Google","Related","-","dubai real estate expo dallas","en","ae","0","-"
1966,"dubai real estate","Google","Related","-","dubai real estate bubble index","en","ae","0","-"
1967,"dubai real estate","Google","Related","-","dubai real estate market decline","en","ae","0","-"
1968,"dubai real estate","Google","Related","-","dubai real estate complaints","en","ae","0","-"
1969,"dubai real estate","Google","Related","-","dubai real estate investment and market trends","en","ae","0","-"
1970,"dubai real estate","Google","Related","-","dubai real estate weekly report","en","ae","0","-"
1971,"dubai real estate","Google","Related","-","dubai real estate automation","en","ae","0","-"
1972,"dubai real estate","Google","Related","-","is dubai real estate market going to crash","en","ae","0","-"
1973,"dubai real estate","Google","Related","-","dubai real estate insights","en","ae","0","-"
1974,"dubai real estate","Google","Related","-","dubai real estate data api","en","ae","0","-"
1975,"dubai real estate","Google","Related","-","dubai real estate expo in coimbatore 2025","en","ae","0","-"
1976,"dubai real estate","Google","Related","-","university of dubai real estate","en","ae","0","-"
1977,"dubai real estate","Google","Related","-","dubai real estate hype","en","ae","0","-"
1978,"dubai real estate","Google","Related","-","why do people invest in dubai real estate","en","ae","0","-"
1979,"dubai real estate","Google","Related","-","dubai real estate broker training","en","ae","0","-"
1980,"dubai real estate","Google","Related","-","dubai real estate companies in mumbai","en","ae","0","-"
1981,"dubai real estate","Google","Related","-","is dubai real estate in a bubble","en","ae","0","-"
1982,"dubai real estate","Google","Related","-","dubai real estate map fully explained","en","ae","0","-"
1983,"dubai real estate","Google","Related","-","dubai real estate supply analysis","en","ae","0","-"
1984,"dubai real estate","Google","Related","-","dubai real estate company in india","en","ae","0","-"
1985,"dubai real estate","Google","Related","-","dubai real estate company services","en","ae","0","-"
1986,"dubai real estate","Google","Related","-","dubai real estate usd","en","ae","0","-"
1987,"dubai real estate","Google","Related","-","dubai real estate investment hot spots","en","ae","0","-"
1988,"dubai real estate","Google","Related","-","dubai real estate investment consultant","en","ae","0","-"
1989,"dubai real estate","Google","Related","-","is investing in dubai real estate worth it","en","ae","0","-"
1990,"dubai real estate","Google","Related","-","dubai real estate 2025 reddit","en","ae","0","-"
1991,"dubai real estate","Google","Related","-","dubai real estate investment statistics","en","ae","0","-"
1992,"dubai real estate","Google","Related","-","dubai real estate case study","en","ae","0","-"
1993,"dubai real estate","Google","Related","-","dubai real estate stock video","en","ae","0","-"
1994,"dubai real estate","Google","Related","-","dubai real estate near metro stations","en","ae","0","-"
1995,"dubai real estate","Google","Related","-","dubai real estate investment tips","en","ae","0","-"
1996,"dubai real estate","Google","Related","-","jvc dubai real estate market","en","ae","0","-"
1997,"dubai real estate","Google","Related","-","dubai real estate broker whatsapp group link","en","ae","0","-"
1998,"dubai real estate","Google","Related","-","dubai real estate corporation board of directors","en","ae","0","-"
1999,"dubai real estate","Google","Related","-","dubai real estate market 2024 report","en","ae","0","-"
2000,"dubai real estate","Google","Related","-","moving to dubai real estate","en","ae","0","-"
2001,"dubai real estate","Google","Related","-","dubai real estate auction","en","ae","0","-"
2002,"dubai real estate","Google","Related","-","dubai real estate index live chart","en","ae","0","-"
2003,"dubai real estate","Google","Related","-","dubai real estate dip","en","ae","0","-"
2004,"dubai real estate","Google","Related","-","dubai real estate lead generation strategies","en","ae","0","-"
2005,"dubai real estate","Google","Related","-","dubai real estate companies in dubai","en","ae","0","-"
2006,"dubai real estate","Google","Related","-","dubai real estate index march 2026","en","ae","0","-"
2007,"dubai real estate","Google","Related","-","dubai real estate seo agency","en","ae","0","-"
2008,"dubai real estate","Google","Related","-","dubai real estate broker fee","en","ae","0","-"
2009,"dubai real estate","Google","Related","-","dubai real estate seo company","en","ae","0","-"
2010,"dubai real estate","Google","Related","-","dubai real estate sales 2023","en","ae","0","-"
2011,"dubai real estate","Google","Related","-","dubai real estate fund index","en","ae","0","-"
2012,"dubai real estate","Google","Related","-","dubai real estate facebook","en","ae","0","-"
2013,"dubai real estate","Google","Related","-","dubai real estate april 2026","en","ae","0","-"
2014,"dubai real estate","Google","Related","-","dubai real estate content creator","en","ae","0","-"
2015,"dubai real estate","Google","Related","-","gold vs dubai real estate","en","ae","0","-"
2016,"dubai real estate","Google","Related","-","dubai real estate investment trends 2026","en","ae","0","-"
2017,"dubai real estate","Google","Related","-","zohaib dubai real estate","en","ae","0","-"
2018,"dubai real estate","Google","Related","-","dubai real estate basics","en","ae","0","-"
2019,"dubai real estate","Google","Related","-","dubai real estate 30","en","ae","0","-"
2020,"dubai real estate","Google","Related","-","dubai real estate graph now","en","ae","0","-"
2021,"dubai real estate","Google","Related","-","will dubai real estate crash now","en","ae","0","-"
2022,"dubai real estate","Google","Related","-","dubai real estate index yahoo","en","ae","0","-"
2023,"dubai real estate","Google","Related","-","dubai real estate market price index","en","ae","0","-"
2024,"dubai real estate","Google","Related","-","dubai real estate market during war","en","ae","0","-"
2025,"dubai real estate","Google","Related","-","dubai real estate market name","en","ae","0","-"
2026,"dubai real estate","Google","Related","-","dubai real estate transactions yesterday","en","ae","0","-"
2027,"dubai real estate","Google","Related","-","will dubai real estate crash after war","en","ae","0","-"
2028,"dubai real estate","Google","Related","-","dubai real estate iran israel war","en","ae","0","-"
2029,"dubai real estate","Google","Related","-","dubai real estate king","en","ae","0","-"
2030,"dubai real estate","Google","Related","-","dubai real estate lead agency","en","ae","0","-"
2031,"dubai real estate","Google","Related","-","how much does 2 million buy in dubai real estate","en","ae","0","-"
2032,"dubai real estate","Google","Related","-","trusted dubai real estate agent","en","ae","0","-"
2033,"dubai real estate","Google","Related","-","dubai real estate vacancy","en","ae","0","-"
2034,"dubai real estate","Google","Related","-","dubai real estate volume","en","ae","0","-"
2035,"dubai real estate","Google","Related","-","dubai real estate automation tools","en","ae","0","-"
2036,"dubai real estate","Google","Related","-","dubai real estate social media marketing","en","ae","0","-"
2037,"dubai real estate","Google","Related","-","jll dubai real estate report","en","ae","0","-"
2038,"dubai real estate","Google","Related","-","dubai real estate online course","en","ae","0","-"
2039,"dubai real estate","Google","Related","-","dubai real estate off plan sales","en","ae","0","-"
2040,"dubai real estate","Google","Related","-","dubai real estate presentation","en","ae","0","-"
2041,"dubai real estate","Google","Related","-","dubai real estate market predictions 2025","en","ae","0","-"
2042,"dubai real estate","Google","Related","-","dubai real estate for indians","en","ae","0","-"
2043,"dubai real estate","Google","Related","-","dubai real estate brokerage firms","en","ae","0","-"
2044,"dubai real estate","Google","Related","-","dubai real estate top company","en","ae","0","-"
2045,"dubai real estate","Google","Related","-","dubai real estate iran war","en","ae","0","-"
2046,"dubai real estate","Google","Related","-","is dubai real estate going down","en","ae","0","-"
2047,"dubai real estate","Google","Related","-","dubai real estate agents list pdf","en","ae","0","-"
2048,"dubai real estate","Google","Related","-","finance with sharan dubai real estate","en","ae","0","-"
2049,"dubai real estate","Google","Related","-","roi on dubai real estate","en","ae","0","-"
2050,"dubai real estate","Google","Related","-","dubai real estate news 2023","en","ae","0","-"
2051,"dubai real estate","Google","Related","-","dubai real estate india","en","ae","0","-"
2052,"dubai real estate","Google","Related","-","dubai real estate day in the life","en","ae","0","-"
2053,"dubai real estate","Google","Related","-","top companies in dubai real estate","en","ae","0","-"
2054,"dubai real estate","Google","Related","-","dubai real estate companies for job","en","ae","0","-"
2055,"dubai real estate","Google","Related","-","dubai real estate full course","en","ae","0","-"
2056,"dubai real estate","Google","Related","-","dubai real estate google ads","en","ae","0","-"
2057,"dubai real estate","Google","Related","-","dubai real estate agent database","en","ae","0","-"
2058,"dubai real estate","Google","Related","-","indian investment dubai real estate","en","ae","0","-"
2059,"dubai real estate","Google","Related","-","dubai real estate correction","en","ae","0","-"
2060,"dubai real estate","Google","Related","-","dubai real estate emi calculator","en","ae","0","-"
2061,"dubai real estate","Google","Related","-","dubai real estate prices map","en","ae","0","-"
2062,"dubai real estate","Google","Related","-","dubai real estate jobs reddit","en","ae","0","-"
2063,"dubai real estate","Google","Related","-","waiting dubai real estate","en","ae","0","-"
2064,"dubai real estate","Google","Related","-","how to become dubai real estate broker","en","ae","0","-"
2065,"dubai real estate","Google","Related","-","dubai real estate new jersey","en","ae","0","-"
2066,"dubai real estate","Google","Related","-","is it safe to invest in dubai real estate reddit","en","ae","0","-"
2067,"dubai real estate","Google","Related","-","bollywood actor in dubai real estate","en","ae","0","-"
2068,"dubai real estate","Google","Related","-","how much has dubai real estate dropped","en","ae","0","-"
2069,"dubai real estate","Google","Related","-","dubai real estate market 2025 in tamil","en","ae","0","-"
2070,"dubai real estate","Google","Related","-","dubai real estate roi calculator","en","ae","0","-"
2071,"dubai real estate","Google","Related","-","dubai real estate index how to invest from india","en","ae","0","-"
2072,"dubai real estate","Google","Related","-","how to invest in dubai real estate etf","en","ae","0","-"
2073,"dubai real estate","Google","Related","-","how to invest in dubai real estate shares","en","ae","0","-"
2074,"dubai real estate","Google","Related","-","dubai real estate cancelled projects","en","ae","0","-"
2075,"dubai real estate","Google","Related","-","dubai real estate etf in india","en","ae","0","-"
2076,"dubai real estate","Google","Related","-","dubai real estate q1 2026","en","ae","0","-"
2077,"dubai real estate","Google","Related","-","dubai real estate proptech incubator","en","ae","0","-"
2078,"dubai real estate","Google","Related","-","dubai real estate agent commission percentage 2025","en","ae","0","-"
2079,"dubai real estate","Google","Related","-","dubai real estate jobs uk","en","ae","0","-"
2080,"dubai real estate","Google","Related","-","dubai real estate tech","en","ae","0","-"
2081,"dubai real estate","Google","Related","-","dubai real estate business card","en","ae","0","-"
2082,"dubai real estate","Google","Related","-","dubai real estate market vs london","en","ae","0","-"
2083,"dubai real estate","Google","Related","-","forecast for dubai real estate","en","ae","0","-"
2084,"dubai real estate","Google","Related","-","is dubai real estate about to crash","en","ae","0","-"
2085,"dubai real estate","Google","Related","-","invest in dubai real estate fund","en","ae","0","-"
2086,"dubai real estate","Google","Related","-","dubai real estate news bloomberg","en","ae","0","-"
2087,"dubai real estate","Google","Related","-","developers in dubai real estate","en","ae","0","-"
2088,"dubai real estate","Google","Related","-","dubai real estate market expectations","en","ae","0","-"
2089,"dubai real estate","Google","Related","-","dubai real estate market january","en","ae","0","-"
2090,"dubai real estate","Google","Related","-","dubai real estate job requirements","en","ae","0","-"
2091,"dubai real estate","Google","Related","-","dubai real estate jobs in india","en","ae","0","-"
2092,"dubai real estate","Google","Related","-","latest news in dubai real estate market","en","ae","0","-"
2093,"dubai real estate","Google","Related","-","is dubai real estate market crashing","en","ae","0","-"
2094,"dubai real estate","Google","Related","-","renting vs buying dubai real estate","en","ae","0","-"
2095,"dubai real estate","Google","Related","-","dubai real estate 2025","en","ae","0","-"
2096,"dubai real estate","Google","Related","-","dubai real estate center logo","en","ae","0","-"
2097,"dubai real estate","Google","Related","-","dubai real estate sales interview","en","ae","0","-"
2098,"dubai real estate","Google","Related","-","dubai real estate agent vacancy","en","ae","0","-"
2099,"dubai real estate","Google","Related","-","will dubai real estate drop","en","ae","0","-"
2100,"dubai real estate","Google","Related","-","dubai real estate to crash","en","ae","0","-"
2101,"dubai real estate","Google","Related","-","waterfront expansion dubai real estate","en","ae","0","-"
2102,"dubai real estate","Google","Related","-","dubai real estate for overseas investors","en","ae","0","-"
2103,"dubai real estate","Google","Related","-","ultimate guide to dubai real estate","en","ae","0","-"
2104,"dubai real estate","Google","Related","-","dubai real estate mortgage rate","en","ae","0","-"
2105,"dubai real estate","Google","Related","-","private sales dubai real estate","en","ae","0","-"
2106,"dubai real estate","Google","Related","-","investor protection dubai real estate","en","ae","0","-"
2107,"dubai real estate","Google","Related","-","dubai real estate agent salary reddit","en","ae","0","-"
2108,"dubai real estate","Google","Related","-","downtown dubai real estate agents","en","ae","0","-"
2109,"dubai real estate","Google","Related","-","best proptech for dubai real estate","en","ae","0","-"
2110,"dubai real estate","Google","Related","-","dubai real estate areas","en","ae","0","-"
2111,"dubai real estate","Google","Related","-","dubai real estate overview 2025","en","ae","0","-"
2112,"dubai real estate","Google","Related","-","dubai real estate price forecast","en","ae","0","-"
2113,"dubai real estate","Google","Related","-","dubai real estate investment pdf","en","ae","0","-"
2114,"dubai real estate","Google","Related","-","dubai real estate group telegram","en","ae","0","-"
2115,"dubai real estate","Google","Related","-","dubai real estate investment 2026","en","ae","0","-"
2116,"dubai real estate","Google","Related","-","dubai real estate expo mumbai","en","ae","0","-"
2117,"dubai real estate","Google","Related","-","dubai real estate girls","en","ae","0","-"
2118,"dubai real estate","Google","Related","-","dubai real estate market report q3 2024","en","ae","0","-"
2119,"dubai real estate","Google","Related","-","the essential guide to dubai real estate market pdf","en","ae","0","-"
2120,"dubai real estate","Google","Related","-","analysis of dubai real estate market","en","ae","0","-"
2121,"dubai real estate","Google","Related","-","dubai real estate january 2026","en","ae","0","-"
2122,"dubai real estate","Google","Related","-","dubai real estate annual report 2025","en","ae","0","-"
2123,"dubai real estate","Google","Related","-","dubai real estate expo nyc","en","ae","0","-"
2124,"dubai real estate","Google","Related","-","dubai real estate rental commission","en","ae","0","-"
2125,"dubai real estate","Google","Related","-","dubai real estate agent average income","en","ae","0","-"
2126,"dubai real estate","Google","Related","-","cursa dubai real estate agent training","en","ae","0","-"
2127,"dubai real estate","Google","Related","-","services offered by dubai real estate corporation hq","en","ae","0","-"
2128,"dubai real estate","Google","Related","-","dubai real estate advertisement","en","ae","0","-"
2129,"dubai real estate","Google","Related","-","dubai real estate property investment 2026","en","ae","0","-"
2130,"dubai real estate","Google","Related","-","dubai real estate price correction","en","ae","0","-"
2131,"dubai real estate","Google","Related","-","dubai real estate damac","en","ae","0","-"
2132,"dubai real estate","Google","Related","-","how does dubai real estate work","en","ae","0","-"
2133,"dubai real estate","Google","Related","-","why investing in dubai real estate","en","ae","0","-"
2134,"dubai real estate","Google","Related","-","dubai real estate yield","en","ae","0","-"
2135,"dubai real estate","Google","Related","-","dubai real estate investment roi","en","ae","0","-"
2136,"dubai real estate","Google","Related","-","dubai real estate news in hindi","en","ae","0","-"
2137,"dubai real estate","Google","Related","-","digital marketing for dubai real estate","en","ae","0","-"
2138,"dubai real estate","Google","Related","-","dubai real estate investment opportunity","en","ae","0","-"
2139,"dubai real estate","Google","Related","-","who is investing in dubai real estate","en","ae","0","-"
2140,"dubai real estate","Google","Related","-","dubai real estate market impact","en","ae","0","-"
2141,"dubai real estate","Google","Related","-","dubai real estate market softening","en","ae","0","-"
2142,"dubai real estate","Google","Related","-","best dubai real estate agent","en","ae","0","-"
2143,"dubai real estate","Google","Related","-","dubai real estate fractional investment","en","ae","0","-"
2144,"dubai real estate","Google","Related","-","dubai real estate laws pdf","en","ae","0","-"
2145,"dubai real estate","Google","Related","-","invest is dubai real estate","en","ae","0","-"
2146,"dubai real estate","Google","Related","-","dubai real estate market may 2026","en","ae","0","-"
2147,"dubai real estate","Google","Related","-","dubai real estate market after iran attack","en","ae","0","-"
2148,"dubai real estate","Google","Related","-","dubai real estate digital marketing company","en","ae","0","-"
2149,"dubai real estate","Google","Related","-","dubai real estate social media campaign","en","ae","0","-"
2150,"dubai real estate","Google","Related","-","dubai real estate digital marketing experts","en","ae","0","-"
2151,"dubai real estate","Google","Related","-","social media campaigns for dubai real estate leads","en","ae","0","-"
2152,"dubai real estate","Google","Related","-","dubai real estate wasl","en","ae","0","-"
2153,"dubai real estate","Google","Related","-","jlt dubai real estate","en","ae","0","-"
2154,"dubai real estate","Google","Related","-","dubai real estate off plan vs ready","en","ae","0","-"
2155,"dubai real estate","Google","Related","-","dubai real estate digital platforms","en","ae","0","-"
2156,"dubai real estate","Google","Related","-","dubai real estate market index now","en","ae","0","-"
2157,"dubai real estate","Google","Related","-","has dubai real estate market dropped","en","ae","0","-"
2158,"dubai real estate","Google","Related","-","singapore vs dubai real estate","en","ae","0","-"
2159,"dubai real estate","Google","Related","-","relocate to dubai real estate jobs","en","ae","0","-"
2160,"dubai real estate","Google","Related","-","dubai real estate index news","en","ae","0","-"
2161,"dubai real estate","Google","Related","-","dubai real estate market trends in 2026","en","ae","0","-"
2162,"dubai real estate","Google","Related","-","dubai real estate rental market","en","ae","0","-"
2163,"dubai real estate","Google","Related","-","dubai real estate transactions in march 2026","en","ae","0","-"
2164,"dubai real estate","Google","Related","-","dubai real estate impact due to iran war","en","ae","0","-"
2165,"dubai real estate","Google","Related","-","iran war and dubai real estate","en","ae","0","-"
2166,"dubai real estate","Google","Related","-","top investment areas in dubai real estate","en","ae","0","-"
2167,"dubai real estate","Google","Related","-","dubai real estate trading","en","ae","0","-"
2168,"dubai real estate","Google","Related","-","dubai real estate where to buy","en","ae","0","-"
2169,"dubai real estate","Google","Related","-","dubai real estate news update","en","ae","0","-"
2170,"dubai real estate","Google","Related","-","dubai real estate forecasting","en","ae","0","-"
2171,"dubai real estate","Google","Related","-","dubai real estate flexi rent","en","ae","0","-"
2172,"dubai real estate","Google","Related","-","dubai real estate marketing","en","ae","0","-"
2173,"dubai real estate","Google","Related","-","dubai real estate hindi","en","ae","0","-"
2174,"dubai real estate","Google","Related","-","how to get leads in dubai real estate","en","ae","0","-"
2175,"dubai real estate","Google","Related","-","essential guide to dubai real estate","en","ae","0","-"
2176,"dubai real estate","Google","Related","-","town square dubai real estate","en","ae","0","-"
2177,"dubai real estate","Google","Related","-","dubai real estate market report knight frank","en","ae","0","-"
2178,"dubai real estate","Google","Related","-","dubai real estate specialist","en","ae","0","-"
2179,"dubai real estate","Google","Related","-","dubai real estate consultancy","en","ae","0","-"
2180,"dubai real estate","Google","Related","-","dubai real estate 2033","en","ae","0","-"
2181,"dubai real estate","Google","Related","-","what people search for in dubai real estate","en","ae","0","-"
2182,"dubai real estate","Google","Related","-","how to invest in dubai real estate stocks","en","ae","0","-"
2183,"dubai real estate","Google","Related","-","dubai real estate bangladesh investment","en","ae","0","-"
2184,"dubai real estate","Google","Related","-","a to z of dubai real estate","en","ae","0","-"
2185,"dubai real estate","Google","Related","-","dubai real estate market q4 2025","en","ae","0","-"
2186,"dubai real estate","Google","Related","-","dubai real estate and iran war","en","ae","0","-"
2187,"dubai real estate","Google","Related","-","dubai real estate market transactions 2025","en","ae","0","-"
2188,"dubai real estate","Google","Related","-","dubai real estate market share price","en","ae","0","-"
2189,"dubai real estate","Google","Related","-","dubai real estate market for sale","en","ae","0","-"
2190,"dubai real estate","Google","Related","-","dubai real estate safe haven investment","en","ae","0","-"
2191,"dubai real estate","Google","Related","-","dubai real estate company dhaka office","en","ae","0","-"
2192,"dubai real estate","Google","Related","-","dubai real estate law firm","en","ae","0","-"
2193,"dubai real estate","Google","Related","-","form f in dubai real estate","en","ae","0","-"
2194,"dubai real estate","Google","Related","-","dubai real estate roadshow","en","ae","0","-"
2195,"dubai real estate","Google","Related","-","app for dubai real estate","en","ae","0","-"
2196,"dubai real estate","Google","Related","-","is dubai real estate market a bubble","en","ae","0","-"
2197,"dubai real estate","Google","Related","-","dubai real estate june 2024","en","ae","0","-"
2198,"dubai real estate","Google","Related","-","how dubai real estate market works","en","ae","0","-"
2199,"dubai real estate","Google","Related","-","dubai real estate prices over the years","en","ae","0","-"
2200,"dubai real estate","Google","Related","-","how to invest in dubai real estate online","en","ae","0","-"
2201,"dubai real estate","Google","Related","-","dubai real estate success story","en","ae","0","-"
2202,"dubai real estate","Google","Related","-","dubai real estate vacancies","en","ae","0","-"
2203,"dubai real estate","Google","Related","-","dubai real estate cash buyers","en","ae","0","-"
2204,"dubai real estate","Google","Related","-","dubai real estate agency jobs","en","ae","0","-"
2205,"dubai real estate","Google","Related","-","list of dubai real estate brokers","en","ae","0","-"
2206,"dubai real estate","Google","Related","-","dubai real estate xrp","en","ae","0","-"
2207,"dubai real estate","Google","Related","-","dubai real estate lead generation","en","ae","0","-"
2208,"dubai real estate","Google","Related","-","will dubai real estate market crash in 2023","en","ae","0","-"
2209,"dubai real estate","Google","Related","-","who is buying dubai real estate","en","ae","0","-"
2210,"dubai real estate","Google","Related","-","is dubai real estate market booming","en","ae","0","-"
2211,"dubai real estate","Google","Related","-","distress deals dubai real estate","en","ae","0","-"
2212,"dubai real estate","Google","Related","-","blogs on dubai real estate","en","ae","0","-"
2213,"dubai real estate","Google","Related","-","dubai real estate market leaders","en","ae","0","-"
2214,"dubai real estate","Google","Related","-","dubai real estate event in mumbai","en","ae","0","-"
2215,"dubai real estate","Google","Related","-","dubai real estate expo ahmedabad","en","ae","0","-"
2216,"dubai real estate","Google","Related","-","dubai real estate landscape","en","ae","0","-"
2217,"dubai real estate","Google","Related","-","dubai real estate 1999","en","ae","0","-"
2218,"dubai real estate","Google","Related","-","dubai real estate investment conference","en","ae","0","-"
2219,"dubai real estate","Google","Related","-","dubai real estate villas for sale","en","ae","0","-"
2220,"dubai real estate","Google","Related","-","dubai real estate bonds","en","ae","0","-"
2221,"dubai real estate","Google","Related","-","how to invest in dubai real estate stocks from india","en","ae","0","-"
2222,"dubai real estate","Google","Related","-","dubai real estate market trend 2025","en","ae","0","-"
2223,"dubai real estate","Google","Related","-","dubai real estate q2 2025","en","ae","0","-"
2224,"dubai real estate","Google","Related","-","dubai real estate market vs newyork","en","ae","0","-"
2225,"dubai real estate","Google","Related","-","dubai real estate corporation hq reviews","en","ae","0","-"
2226,"dubai real estate","Google","Related","-","dubai real estate luxury investment 2025","en","ae","0","-"
2227,"dubai real estate","Google","Related","-","dubai real estate houston","en","ae","0","-"
2228,"dubai real estate","Google","Related","-","dubai real estate exhibition in chennai 2025","en","ae","0","-"
2229,"dubai real estate","Google","Related","-","dubai real estate quiz","en","ae","0","-"
2230,"dubai real estate","Google","Related","-","dubai real estate news this week","en","ae","0","-"
2231,"dubai real estate","Google","Related","-","how to be dubai real estate agent","en","ae","0","-"
2232,"dubai real estate","Google","Related","-","cold calls dubai real estate","en","ae","0","-"
2233,"dubai real estate","Google","Related","-","dubai real estate investment options","en","ae","0","-"
2234,"dubai real estate","Google","Related","-","why to invest in dubai real estate pdf","en","ae","0","-"
2235,"dubai real estate","Google","Related","-","is dubai real estate market good","en","ae","0","-"
2236,"dubai real estate","Google","Related","-","dubai real estate market cagr","en","ae","0","-"
2237,"dubai real estate","Google","Related","-","dubai real estate market risks pdf","en","ae","0","-"
2238,"dubai real estate","Google","Related","-","dubai real estate q2","en","ae","0","-"
2239,"dubai real estate","Google","Related","-","dubai real estate companies instagram","en","ae","0","-"
2240,"dubai real estate","Google","Related","-","dubai real estate developer ranking","en","ae","0","-"
2241,"dubai real estate","Google","Related","-","dubai real estate disruption","en","ae","0","-"
2242,"dubai real estate","Google","Related","-","best areas to invest in dubai real estate","en","ae","0","-"
2243,"dubai real estate","Google","Related","-","dubai real estate tokenization","en","ae","0","-"
2244,"dubai real estate","Google","Related","-","dubai real estate market 2025 transactions","en","ae","0","-"
2245,"dubai real estate","Google","Related","-","dubai real estate market 2025 in hindi","en","ae","0","-"
2246,"dubai real estate","Google","Related","-","dubai real estate market review","en","ae","0","-"
2247,"dubai real estate","Google","Related","-","prypco dubai real estate","en","ae","0","-"
2248,"dubai real estate","Google","Related","-","job in dubai real estate","en","ae","0","-"
2249,"dubai real estate","Google","Related","-","dubai real estate mortgage interest rate","en","ae","0","-"
2250,"dubai real estate","Google","Related","-","asset management dubai real estate","en","ae","0","-"
2251,"dubai real estate","Google","Related","-","dubai real estate trends this year","en","ae","0","-"
2252,"dubai real estate","Google","Related","-","dubai real estate market last 5 years","en","ae","0","-"
2253,"dubai real estate","Google","Related","-","dubai real estate agents instagram","en","ae","0","-"
2254,"dubai real estate","Google","Related","-","upcoming launches in dubai real estate","en","ae","0","-"
2255,"dubai real estate","Google","Related","-","dubai real estate 1 percent","en","ae","0","-"
2256,"dubai real estate","Google","Related","-","investment opportunities in dubai real estate","en","ae","0","-"
2257,"dubai real estate","Google","Related","-","dubai real estate investment news","en","ae","0","-"
2258,"dubai real estate","Google","Related","-","dubai real estate weekly transactions","en","ae","0","-"
2259,"dubai real estate","Google","Related","-","dubai real estate for foreign investors","en","ae","0","-"
2260,"dubai real estate","Google","Related","-","dubai real estate institution","en","ae","0","-"
2261,"dubai real estate","Google","Related","-","is dubai real estate market down now","en","ae","0","-"
2262,"dubai real estate","Google","Related","-","will dubai real estate market crash after war","en","ae","0","-"
2263,"dubai real estate","Google","Related","-","azizi dubai real estate news","en","ae","0","-"
2264,"dubai real estate","Google","Related","-","trends dubai real estate","en","ae","0","-"
2265,"dubai real estate","Google","Related","-","seo strategy for dubai real estate","en","ae","0","-"
2266,"dubai real estate","Google","Related","-","local seo services for dubai real estate companies","en","ae","0","-"
2267,"dubai real estate","Google","Related","-","dubai real estate growth areas","en","ae","0","-"
2268,"dubai real estate","Google","Related","-","dubai real estate prices since iran war","en","ae","0","-"
2269,"dubai real estate","Google","Related","-","dubai real estate agent podcast","en","ae","0","-"
2270,"dubai real estate","Google","Related","-","kamil dubai real estate","en","ae","0","-"
2271,"dubai real estate","Google","Related","-","dubai real estate report 2022 pdf","en","ae","0","-"
2272,"dubai real estate","Google","Related","-","downtown dubai real estate for sale","en","ae","0","-"
2273,"dubai real estate","Google","Related","-","dubai real estate 60 down","en","ae","0","-"
2274,"dubai real estate","Google","Related","-","dubai real estate economy","en","ae","0","-"
2275,"dubai real estate","Google","Related","-","best dubai real estate stocks","en","ae","0","-"
2276,"dubai real estate","Google","Related","-","dubai real estate investment guide for beginners","en","ae","0","-"
2277,"dubai real estate","Google","Related","-","dubai real estate agency owner arrested","en","ae","0","-"
2278,"dubai real estate","Google","Related","-","dubai real estate for expat investors","en","ae","0","-"
2279,"dubai real estate","Google","Related","-","dubai real estate bloggers","en","ae","0","-"
2280,"dubai real estate","Google","Related","-","dubai real estate owner arrested","en","ae","0","-"
2281,"dubai real estate","Google","Related","-","dubai real estate corporation drec logo","en","ae","0","-"
2282,"dubai real estate","Google","Related","-","dubai real estate war reddit","en","ae","0","-"
2283,"dubai real estate","Google","Related","-","dubai real estate marketing experts","en","ae","0","-"
2284,"dubai real estate","Google","Related","-","dubai real estate campaign","en","ae","0","-"
2285,"dubai real estate","Google","Related","-","dubai real estate company job","en","ae","0","-"
2286,"dubai real estate","Google","Related","-","dubai real estate share price graph","en","ae","0","-"
2287,"dubai real estate","Google","Related","-","dubai real estate vision","en","ae","0","-"
2288,"dubai real estate","Google","Related","-","routledge dubai real estate","en","ae","0","-"
2289,"dubai real estate","Google","Related","-","ai sales agent dubai real estate","en","ae","0","-"
2290,"dubai real estate","Google","Related","-","zeeshan dubai real estate","en","ae","0","-"
2291,"dubai real estate","Google","Related","-","dubai real estate law course","en","ae","0","-"
2292,"dubai real estate","Google","Related","-","aml dubai real estate","en","ae","0","-"
2293,"dubai real estate","Google","Related","-","dubai real estate market future","en","ae","0","-"
2294,"dubai real estate","Google","Related","-","dubai real estate market crash prediction","en","ae","0","-"
2295,"dubai real estate","Google","Related","-","dubai real estate market status","en","ae","0","-"
2296,"dubai real estate","Google","Related","-","how to understand dubai real estate market","en","ae","0","-"
2297,"dubai real estate","Google","Related","-","dubai real estate value","en","ae","0","-"
2298,"dubai real estate","Google","Related","-","mortgage dubai real estate","en","ae","0","-"
2299,"dubai real estate","Google","Related","-","dubai real estate jobs remote","en","ae","0","-"
2300,"dubai real estate","Google","Related","-","what is spa dubai real estate","en","ae","0","-"
2301,"dubai real estate","Google","Related","-","job opportunities in dubai real estate","en","ae","0","-"
2302,"dubai real estate","Google","Related","-","dubai real estate consultant jobs","en","ae","0","-"
2303,"dubai real estate","Google","Related","-","dubai real estate market crisis","en","ae","0","-"
2304,"dubai real estate","Google","Related","-","dubai real estate top 10","en","ae","0","-"
2305,"dubai real estate","Google","Related","-","dubai real estate company website","en","ae","0","-"
2306,"dubai real estate","Google","Related","-","top developers in dubai real estate","en","ae","0","-"
2307,"dubai real estate","Google","Related","-","top brokers in dubai real estate","en","ae","0","-"
2308,"dubai real estate","Google","Related","-","stake dubai real estate review","en","ae","0","-"
2309,"dubai real estate","Google","Related","-","kudrat dubai real estate","en","ae","0","-"
2310,"dubai real estate","Google","Related","-","dubai real estate vlogs","en","ae","0","-"
2311,"dubai real estate","Google","Related","-","dubai real estate agent ranking","en","ae","0","-"
2312,"dubai real estate","Google","Related","-","dubai real estate investment india","en","ae","0","-"
2313,"dubai real estate","Google","Related","-","dubai real estate outlook 2025","en","ae","0","-"
2314,"dubai real estate","Google","Related","-","dubai real estate ai agents","en","ae","0","-"
2315,"dubai real estate","Google","Related","-","dubai real estate value for money","en","ae","0","-"
2316,"dubai real estate","Google","Related","-","investing in dubai real estate for foreigners","en","ae","0","-"
2317,"dubai real estate","Google","Related","-","dubai real estate sales mortgages","en","ae","0","-"
2318,"dubai real estate","Google","Related","-","dubai real estate job offer","en","ae","0","-"
2319,"dubai real estate","Google","Related","-","dubai real estate what to know","en","ae","0","-"
2320,"dubai real estate","Google","Related","-","dubai real estate group whatsapp","en","ae","0","-"
2321,"dubai real estate","Google","Related","-","dubai real estate pic","en","ae","0","-"
2322,"dubai real estate","Google","Related","-","dubai real estate trends emaar heights","en","ae","0","-"
2323,"dubai real estate","Google","Related","-","abu dhabi vs dubai real estate investment","en","ae","0","-"
2324,"dubai real estate","Google","Related","-","dubai real estate investment guide pdf","en","ae","0","-"
2325,"dubai real estate","Google","Related","-","dubai real estate prices to drop","en","ae","0","-"
2326,"dubai real estate","Google","Related","-","dubai real estate projects h1 2025","en","ae","0","-"
2327,"dubai real estate","Google","Related","-","dubai real estate crash 2008","en","ae","0","-"
2328,"dubai real estate","Google","Related","-","crm for dubai real estate","en","ae","0","-"
2329,"dubai real estate","Google","Related","-","investing in dubai real estate with little money","en","ae","0","-"
2330,"dubai real estate","Google","Related","-","news about dubai real estate","en","ae","0","-"
2331,"dubai real estate","Google","Related","-","dubai real estate registration department","en","ae","0","-"
2332,"dubai real estate","Google","Related","-","dubai real estate web design company","en","ae","0","-"
2333,"dubai real estate","Google","Related","-","dubai real estate highest rental yields by area revealed","en","ae","0","-"
2334,"dubai real estate","Google","Related","-","dubai real estate agent meme","en","ae","0","-"
2335,"dubai real estate","Google","Related","-","how to invest in dubai real estate from india tamil","en","ae","0","-"
2336,"dubai real estate","Google","Related","-","dubai real estate transactions report","en","ae","0","-"
2337,"dubai real estate","Google","Related","-","jll dubai real estate report 2024","en","ae","0","-"
2338,"dubai real estate","Google","Related","-","dubai real estate banner","en","ae","0","-"
2339,"dubai real estate","Google","Related","-","dubai real estate tariffs","en","ae","0","-"
2340,"dubai real estate","Google","Related","-","dubai real estate investment with payment plan","en","ae","0","-"
2341,"dubai real estate","Google","Related","-","dubai real estate small investment","en","ae","0","-"
2342,"dubai real estate","Google","Related","-","dubai real estate centre logo","en","ae","0","-"
2343,"dubai real estate","Google","Related","-","dubai real estate 2026 forecast","en","ae","0","-"
2344,"dubai real estate","Google","Related","-","dubai real estate vs india real estate","en","ae","0","-"
2345,"dubai real estate","Google","Related","-","brokerage in dubai real estate","en","ae","0","-"
2346,"dubai real estate","Google","Related","-","jean dubai real estate","en","ae","0","-"
2347,"dubai real estate","Google","Related","-","dubai real estate agent company","en","ae","0","-"
2348,"dubai real estate","Google","Related","-","dubai real estate top agents","en","ae","0","-"
2349,"dubai real estate","Google","Related","-","dubai real estate communities","en","ae","0","-"
2350,"dubai real estate","Google","Related","-","absorption rate dubai real estate","en","ae","0","-"
2351,"dubai real estate","Google","Related","-","dubai real estate event in chennai","en","ae","0","-"
2352,"dubai real estate","Google","Related","-","dubai real estate tycoon","en","ae","0","-"
2353,"dubai real estate","Google","Related","-","dubai real estate linkedin banner","en","ae","0","-"
2354,"dubai real estate","Google","Related","-","dubai real estate demand drivers","en","ae","0","-"
2355,"dubai real estate","Google","Related","-","royal atlantis dubai real estate","en","ae","0","-"
2356,"dubai real estate","Google","Related","-","dubai real estate journal","en","ae","0","-"
2357,"dubai real estate","Google","Related","-","dubai real estate companies linkedin","en","ae","0","-"
2358,"dubai real estate","Google","Related","-","dubai real estate marketing agencies","en","ae","0","-"
2359,"dubai real estate","Google","Related","-","dubai real estate corporation sheikh zayed road","en","ae","0","-"
2360,"dubai real estate","Google","Related","-","dubai real estate in 2025","en","ae","0","-"
2361,"dubai real estate","Google","Related","-","dubai real estate rents","en","ae","0","-"
2362,"dubai real estate","Google","Related","-","dubai real estate recruitment","en","ae","0","-"
2363,"dubai real estate","Google","Related","-","dubai real estate after war","en","ae","0","-"
2364,"dubai real estate","Google","Related","-","mortgage in dubai real estate","en","ae","0","-"
2365,"dubai real estate","Google","Related","-","dubai real estate for sale near metro","en","ae","0","-"
2366,"dubai real estate","Google","Related","-","dubai real estate etf in us","en","ae","0","-"
2367,"dubai real estate","Google","Related","-","business bay dubai real estate","en","ae","0","-"
2368,"dubai real estate","Google","Related","-","dubai real estate index yahoo finance","en","ae","0","-"
2369,"dubai real estate","Google","Related","-","dubai real estate lady","en","ae","0","-"
2370,"dubai real estate","Google","Related","-","dubai real estate market is down","en","ae","0","-"
2371,"dubai real estate","Google","Related","-","dubai real estate market latest","en","ae","0","-"
2372,"dubai real estate","Google","Related","-","dubai real estate market etf","en","ae","0","-"
2373,"dubai real estate","Google","Related","-","what will happen to dubai real estate market","en","ae","0","-"
2374,"dubai real estate","Google","Related","-","dubai real estate market transactions","en","ae","0","-"
2375,"dubai real estate","Google","Related","-","dubai real estate event bangkok","en","ae","0","-"
2376,"dubai real estate","Google","Related","-","dubai real estate number","en","ae","0","-"
2377,"dubai real estate","Google","Related","-","upcoming projects dubai real estate","en","ae","0","-"
2378,"dubai real estate","Google","Related","-","dubai real estate opportunities 2026","en","ae","0","-"
2379,"dubai real estate","Google","Related","-","dubai real estate trends 2024","en","ae","0","-"
2380,"dubai real estate","Google","Related","-","premium homes in dubai real estate market","en","ae","0","-"
2381,"dubai real estate","Google","Related","-","dubai real estate for passive income","en","ae","0","-"
2382,"dubai real estate","Google","Related","-","how much has dubai real estate fallen","en","ae","0","-"
2383,"dubai real estate","Google","Related","-","dubai real estate investment trusts","en","ae","0","-"
2384,"dubai real estate","Google","Related","-","dubai real estate jobs linkedin","en","ae","0","-"
2385,"dubai real estate","Google","Related","-","dubai real estate job openings","en","ae","0","-"
2386,"dubai real estate","Google","Related","-","dubai real estate trending news","en","ae","0","-"
2387,"dubai real estate","Google","Related","-","high roi areas in dubai real estate","en","ae","0","-"
2388,"dubai real estate","Google","Related","-","dubai real estate prices iran war","en","ae","0","-"
2389,"dubai real estate","Google","Related","-","dubai real estate companies stock","en","ae","0","-"
2390,"dubai real estate","Google","Related","-","invest dubai real estate index","en","ae","0","-"
2391,"dubai real estate","Google","Related","-","is dubai real estate crashing due to iran war","en","ae","0","-"
2392,"dubai real estate","Google","Related","-","dubai real estate prices last 10 years","en","ae","0","-"
2393,"dubai real estate","Google","Related","-","dubai real estate 3 bedroom apartment","en","ae","0","-"
2394,"dubai real estate","Google","Related","-","invest in dubai real estate reddit","en","ae","0","-"
2395,"dubai real estate","Google","Related","-","famous dubai real estate agents","en","ae","0","-"
2396,"dubai real estate","Google","Related","-","dubai real estate market forecast 2028","en","ae","0","-"
2397,"dubai real estate","Google","Related","-","size of dubai real estate market","en","ae","0","-"
2398,"dubai real estate","Google","Related","-","dubai real estate marketing jobs","en","ae","0","-"
2399,"dubai real estate","Google","Related","-","dubai real estate xrp ledger tokenization","en","ae","0","-"
2400,"dubai real estate","Google","Related","-","dubai real estate events 2025","en","ae","0","-"
2401,"dubai real estate","Google","Related","-","dubai real estate developers market share","en","ae","0","-"
2402,"dubai real estate","Google","Related","-","graphic designer jobs in dubai real estate","en","ae","0","-"
2403,"dubai real estate","Google","Related","-","will dubai real estate crash in 2026","en","ae","0","-"
2404,"dubai real estate","Google","Related","-","dubai real estate finance jobs","en","ae","0","-"
2405,"dubai real estate","Google","Related","-","top 10 dubai real estate developers","en","ae","0","-"
2406,"dubai real estate","Google","Related","-","dubai real estate projects api","en","ae","0","-"
2407,"dubai real estate","Google","Related","-","dubai real estate scam tamil","en","ae","0","-"
2408,"dubai real estate","Google","Related","-","dubai real estate companies name","en","ae","0","-"
2409,"dubai real estate","Google","Related","-","dubai real estate al mina","en","ae","0","-"
2410,"dubai real estate","Google","Related","-","skg estates dubai real estate off plan properties photos","en","ae","0","-"
2411,"dubai real estate","Google","Related","-","is dubai real estate worth investing","en","ae","0","-"
2412,"dubai real estate","Google","Related","-","dubai real estate 2026 outlook","en","ae","0","-"
2413,"dubai real estate","Google","Related","-","dubai real estate agency list","en","ae","0","-"
2414,"dubai real estate","Google","Related","-","dubai real estate indian company","en","ae","0","-"
2415,"dubai real estate","Google","Related","-","dubai real estate broker course","en","ae","0","-"
2416,"dubai real estate","Google","Related","-","dubai real estate prices 10 years","en","ae","0","-"
2417,"dubai real estate","Google","Related","-","dubai real estate investment stake","en","ae","0","-"
2418,"dubai real estate","Google","Related","-","average roi dubai real estate","en","ae","0","-"
2419,"dubai real estate","Google","Related","-","dubai real estate will fall","en","ae","0","-"
2420,"dubai real estate","Google","Related","-","invest in dubai real estate from uk","en","ae","0","-"
2421,"dubai real estate","Google","Related","-","dubai real estate pros and cons","en","ae","0","-"
2422,"dubai real estate","Google","Related","-","dubai real estate agent of the year 2025","en","ae","0","-"
2423,"dubai real estate","Google","Related","-","dubai real estate agent registration","en","ae","0","-"
2424,"dubai real estate","Google","Related","-","qatar vs dubai real estate","en","ae","0","-"
2425,"dubai real estate","Google","Related","-","sobha hartland dubai real estate","en","ae","0","-"
2426,"dubai real estate","Google","Related","-","compare dubai real estate websites for investment","en","ae","0","-"
2427,"dubai real estate","Google","Related","-","dubai real estate crash iran war","en","ae","0","-"
2428,"dubai real estate","Google","Related","-","can i invest in dubai real estate index","en","ae","0","-"
2429,"dubai real estate","Google","Related","-","war impact on dubai real estate market","en","ae","0","-"
2430,"dubai real estate","Google","Related","-","invest in dubai real estate index","en","ae","0","-"
2431,"dubai real estate","Google","Related","-","most dubai real estate last 1 months th keyword","en","ae","0","-"
2432,"dubai real estate","Google","Related","-","dubai real estate russian","en","ae","0","-"
2433,"dubai real estate","Google","Related","-","dubai real estate broker programme","en","ae","0","-"
2434,"dubai real estate","Google","Related","-","dubai real estate scam reddit","en","ae","0","-"
2435,"dubai real estate","Google","Related","-","s&p report on dubai real estate","en","ae","0","-"
2436,"dubai real estate","Google","Related","-","dubai real estate investment through dirc","en","ae","0","-"
2437,"dubai real estate","Google","Related","-","payment plan in dubai real estate","en","ae","0","-"
2438,"dubai real estate","Google","Related","-","dubai real estate off plan reddit","en","ae","0","-"
2439,"dubai real estate","Google","Related","-","dubai real estate developers logo","en","ae","0","-"
2440,"dubai real estate","Google","Related","-","dubai real estate market currently","en","ae","0","-"
2441,"dubai real estate","Google","Related","-","dubai real estate content ideas","en","ae","0","-"
2442,"dubai real estate","Google","Related","-","why dubai real estate pdf","en","ae","0","-"
2443,"dubai real estate","Google","Related","-","dubai real estate prices july","en","ae","0","-"
2444,"dubai real estate","Google","Related","-","dubai real estate investment plan","en","ae","0","-"
2445,"dubai real estate","Google","Related","-","uae tax rules dubai real estate","en","ae","0","-"
2446,"dubai real estate","Google","Related","-","dubai real estate recent news","en","ae","0","-"
2447,"dubai real estate","Google","Related","-","dubai real estate market adjustment","en","ae","0","-"
2448,"dubai real estate","Google","Related","-","dubai real estate developers ranking","en","ae","0","-"
2449,"dubai real estate","Google","Related","-","dubai real estate business name","en","ae","0","-"
2450,"dubai real estate","Google","Related","-","all dubai real estate companies","en","ae","0","-"
2451,"dubai real estate","Google","Related","-","ai for dubai real estate agents","en","ae","0","-"
2452,"dubai real estate","Google","Related","-","dubai real estate golden visa requirements","en","ae","0","-"
2453,"dubai real estate","Google","Related","-","masters dubai real estate","en","ae","0","-"
2454,"dubai real estate","Google","Related","-","can you invest in dubai real estate","en","ae","0","-"
2455,"dubai real estate","Google","Related","-","how to work in dubai real estate","en","ae","0","-"
2456,"dubai real estate","Google","Related","-","dubai real estate kartik aaryan","en","ae","0","-"
2457,"dubai real estate","Google","Related","-","is dubai real estate overpriced","en","ae","0","-"
2458,"dubai real estate","Google","Related","-","dubai real estate expo 2026","en","ae","0","-"
2459,"dubai real estate","Google","Related","-","dubai real estate investment tips for expats","en","ae","0","-"
2460,"dubai real estate","Google","Related","-","dubai real estate transactions history","en","ae","0","-"
2461,"dubai real estate","Google","Related","-","dubai real estate today news","en","ae","0","-"
2462,"dubai real estate","Google","Related","-","dubai real estate jobs work from home","en","ae","0","-"
2463,"dubai real estate","Google","Related","-","dubai real estate using xrp","en","ae","0","-"
2464,"dubai real estate","Google","Related","-","dubai real estate customer care","en","ae","0","-"
2465,"dubai real estate","Google","Related","-","dubai real estate agent qualification","en","ae","0","-"
2466,"dubai real estate","Google","Related","-","buy dubai real estate data","en","ae","0","-"
2467,"dubai real estate","Google","Related","-","dubai real estate performance 2025","en","ae","0","-"
2468,"dubai real estate","Google","Related","-","when will dubai real estate bubble burst","en","ae","0","-"
2469,"dubai real estate","Google","Related","-","zuma dubai real estate","en","ae","0","-"
2470,"dubai real estate","Google","Related","-","dubai real estate review","en","ae","0","-"
2471,"dubai real estate","Google","Related","-","dubai real estate bubble index 2024","en","ae","0","-"
2472,"dubai real estate","Google","Related","-","top 10 dubai real estate agencies","en","ae","0","-"
2473,"dubai real estate","Google","Related","-","dubai real estate jobs fresher","en","ae","0","-"
2474,"dubai real estate","Google","Related","-","dubai real estate mortgage calculator","en","ae","0","-"
2475,"dubai real estate","Google","Related","-","license to deal investor's blueprint for dubai real estate","en","ae","0","-"
2476,"dubai real estate","Google","Related","-","dubai real estate investor whatsapp group","en","ae","0","-"
2477,"dubai real estate","Google","Related","-","dubai real estate developers name","en","ae","0","-"
2478,"dubai real estate","Google","Related","-","dubai real estate investors list","en","ae","0","-"
2479,"dubai real estate","Google","Related","-","dubai real estate agent fees","en","ae","0","-"
2480,"dubai real estate","Google","Related","-","dubai real estate net roi calculator","en","ae","0","-"
2481,"dubai real estate","Google","Related","-","dubai real estate agents number","en","ae","0","-"
2482,"dubai real estate","Google","Related","-","dubai real estate expo skopje","en","ae","0","-"
2483,"dubai real estate","Google","Related","-","dubai real estate expo vancouver","en","ae","0","-"
2484,"dubai real estate","Google","Related","-","dubai real estate index dfm","en","ae","0","-"
2485,"dubai real estate","Google","Related","-","dubai real estate khaleej times","en","ae","0","-"
2486,"dubai real estate","Google","Related","-","dubai real estate agent resume","en","ae","0","-"
2487,"dubai real estate","Google","Related","-","dubai real estate companies website","en","ae","0","-"
2488,"dubai real estate","Google","Related","-","dubai real estate brokers reddit","en","ae","0","-"
2489,"dubai real estate","Google","Related","-","dubai real estate business for sale","en","ae","0","-"
2490,"dubai real estate","Google","Related","-","dubai real estate startups accelerator reach","en","ae","0","-"
2491,"dubai real estate","Google","Related","-","dubai real estate activities h1 2025","en","ae","0","-"
2492,"dubai real estate","Google","Related","-","manpreet kaur dubai real estate","en","ae","0","-"
2493,"dubai real estate","Google","Related","-","dubai real estate online investment","en","ae","0","-"
2494,"dubai real estate","Google","Related","-","dubai real estate location","en","ae","0","-"
2495,"dubai real estate","Google","Related","-","dubai real estate broker card","en","ae","0","-"
2496,"dubai real estate","Google","Related","-","dubai real estate for sale cheap","en","ae","0","-"
2497,"dubai real estate","Google","Related","-","dubai real estate distress deals","en","ae","0","-"
2498,"dubai real estate","Google","Related","-","dubai real estate marketing agency","en","ae","0","-"
2499,"dubai real estate","Google","Related","-","dubai real estate development map","en","ae","0","-"
2500,"dubai real estate","Google","Related","-","risks of investing in dubai real estate","en","ae","0","-"
2501,"dubai real estate","Google","Related","-","top nationalities investing in dubai real estate 2025","en","ae","0","-"
2502,"dubai real estate","Google","Related","-","best areas for investment in dubai real estate","en","ae","0","-"
2503,"dubai real estate","Google","Related","-","is dubai real estate","en","ae","0","-"
2504,"dubai real estate","Google","Related","-","buy dubai real estate with crypto","en","ae","0","-"
2505,"dubai real estate","Google","Related","-","dubai real estate law pdf","en","ae","0","-"
2506,"dubai real estate","Google","Related","-","dubai real estate transaction today","en","ae","0","-"
2507,"dubai real estate","Google","Related","-","relocate to dubai real estate","en","ae","0","-"
2508,"dubai real estate","Google","Related","-","smart homes in dubai real estate","en","ae","0","-"
2509,"dubai real estate","Google","Related","-","expo city dubai real estate investment","en","ae","0","-"
2510,"dubai real estate","Google","Related","-","dubai real estate raj shamani","en","ae","0","-"
2511,"dubai real estate","Google","Related","-","dubai real estate job malayalam","en","ae","0","-"
2512,"dubai real estate","Google","Related","-","dubai real estate properties for investors","en","ae","0","-"
2513,"dubai real estate","Google","Related","-","dubai real estate networking events","en","ae","0","-"
2514,"dubai real estate","Google","Related","-","dubai real estate agency reviews","en","ae","0","-"
2515,"dubai real estate","Google","Related","-","dubai real estate growth 2026","en","ae","0","-"
2516,"dubai real estate","Google","Related","-","dubai real estate transactions in march","en","ae","0","-"
2517,"dubai real estate","Google","Related","-","dubai real estate companies for investment","en","ae","0","-"
2518,"dubai real estate","Google","Related","-","dubai real estate chart live","en","ae","0","-"
2519,"dubai real estate","Google","Related","-","dubai real estate q4 2023","en","ae","0","-"
2520,"dubai real estate","Google","Related","-","dubai real estate market website","en","ae","0","-"
2521,"dubai real estate","Google","Related","-","dubai real estate market growth 2024","en","ae","0","-"
2522,"dubai real estate","Google","Related","-","dubai real estate market fitch","en","ae","0","-"
2523,"dubai real estate","Google","Related","-","how is the dubai real estate market doing","en","ae","0","-"
2524,"dubai real estate","Google","Related","-","dubai real estate market rate","en","ae","0","-"
2525,"dubai real estate","Google","Related","-","dubai real estate market volume","en","ae","0","-"
2526,"dubai real estate","Google","Related","-","dubai real estate agents in bangalore","en","ae","0","-"
2527,"dubai real estate","Google","Related","-","dubai real estate chinese","en","ae","0","-"
2528,"dubai real estate","Google","Related","-","how is dubai real estate market doing","en","ae","0","-"
2529,"dubai real estate","Google","Related","-","dubai real estate with crypto","en","ae","0","-"
2530,"dubai real estate","Google","Related","-","sky view dubai real estate","en","ae","0","-"
2531,"dubai real estate","Google","Related","-","dubai real estate $4.4 bn transactions","en","ae","0","-"
2532,"dubai real estate","Google","Related","-","dubai real estate market report q1 2025","en","ae","0","-"
2533,"dubai real estate","Google","Related","-","dubai real estate investment guide","en","ae","0","-"
2534,"dubai real estate","Google","Related","-","dubai real estate good investment","en","ae","0","-"
2535,"dubai real estate","Google","Related","-","how to become dubai real estate agent","en","ae","0","-"
2536,"dubai real estate","Google","Related","-","how to invest dubai real estate","en","ae","0","-"
2537,"dubai real estate","Google","Related","-","dubai real estate holding company","en","ae","0","-"
2538,"dubai real estate","Google","Related","-","i want to invest in dubai real estate","en","ae","0","-"
2539,"dubai real estate","Google","Related","-","dubai real estate knowledge pdf","en","ae","0","-"
2540,"dubai real estate","Google","Related","-","dubai real estate vs mumbai real estate","en","ae","0","-"
2541,"dubai real estate","Google","Related","-","dubai real estate investment presentation","en","ae","0","-"
2542,"dubai real estate","Google","Related","-","dubai real estate market analysis pdf","en","ae","0","-"
2543,"dubai real estate","Google","Related","-","how much does dubai real estate cost","en","ae","0","-"
2544,"dubai real estate","Google","Related","-","how much is dubai real estate market worth","en","ae","0","-"
2545,"dubai real estate","Google","Related","-","dubai real estate secondary market","en","ae","0","-"
2546,"dubai real estate","Google","Related","-","dubai real estate azizi","en","ae","0","-"
2547,"dubai real estate","Google","Related","-","digital marketing jobs in dubai real estate","en","ae","0","-"
2548,"dubai real estate","Google","Related","-","dubai real estate in us dollars","en","ae","0","-"
2549,"dubai real estate","Google","Related","-","dubai real estate broker license cost","en","ae","0","-"
2550,"dubai real estate","Google","Related","-","salary of dubai real estate agent","en","ae","0","-"
2551,"dubai real estate","Google","Related","-","j & o dubai real estate brokers","en","ae","0","-"
2552,"dubai real estate","Google","Related","-","dubai real estate management companies","en","ae","0","-"
2553,"dubai real estate","Google","Related","-","dubai real estate trend 2023","en","ae","0","-"
2554,"dubai real estate","Google","Related","-","best payment plan in dubai real estate","en","ae","0","-"
2555,"dubai real estate","Google","Related","-","dubai real estate event in bangalore 2025","en","ae","0","-"
2556,"dubai real estate","Google","Related","-","dubai real estate agent commission percentage","en","ae","0","-"
2557,"dubai real estate","Google","Related","-","dubai real estate best company","en","ae","0","-"
2558,"dubai real estate","Google","Related","-","dubai real estate pdf","en","ae","0","-"
2559,"dubai real estate","Google","Related","-","dubai real estate hd images","en","ae","0","-"
2560,"dubai real estate","Google","Related","-","dubai real estate work","en","ae","0","-"
2561,"dubai real estate","Google","Related","-","dubai real estate construction","en","ae","0","-"
2562,"dubai real estate","Google","Related","-","dubai real estate myths","en","ae","0","-"
2563,"dubai real estate","Google","Related","-","what is dubai real estate market","en","ae","0","-"
2564,"dubai real estate","Google","Related","-","registration services dubai real estate","en","ae","0","-"
2565,"dubai real estate","Google","Related","-","cost per lead dubai real estate","en","ae","0","-"
2566,"dubai real estate","Google","Related","-","dubai real estate escrow account","en","ae","0","-"
2567,"dubai real estate","Google","Related","-","majan dubai real estate","en","ae","0","-"
2568,"dubai real estate","Google","Related","-","dubai real estate bonds fall","en","ae","0","-"
2569,"dubai real estate","Google","Related","-","dubai real estate distressed deals","en","ae","0","-"
2570,"dubai real estate","Google","Related","-","dubai real estate transactions 2026","en","ae","0","-"
2571,"dubai real estate","Google","Related","-","online appointments dubai real estate companies","en","ae","0","-"
2572,"dubai real estate","Google","Related","-","dubai real estate cost per lead","en","ae","0","-"
2573,"dubai real estate","Google","Related","-","is investing in dubai real estate a good idea","en","ae","0","-"
2574,"dubai real estate","Google","Related","-","how to invest in dubai real estate from nepal","en","ae","0","-"
2575,"dubai real estate","Google","Related","-","dubai real estate 24","en","ae","0","-"
2576,"dubai real estate","Google","Related","-","dubai real estate effect","en","ae","0","-"
2577,"dubai real estate","Google","Related","-","dubai real estate and construction index","en","ae","0","-"
2578,"dubai real estate","Google","Related","-","dubai real estate market graph today","en","ae","0","-"
2579,"dubai real estate","Google","Related","-","did dubai real estate market crash","en","ae","0","-"
2580,"dubai real estate","Google","Related","-","why dubai real estate is falling","en","ae","0","-"
2581,"dubai real estate","Google","Related","-","will dubai real estate crash in 2024","en","ae","0","-"
2582,"dubai real estate","Google","Related","-","dubai real estate brochure pdf free download","en","ae","0","-"
2583,"dubai real estate","Google","Related","-","are dubai real estate prices falling","en","ae","0","-"
2584,"dubai real estate","Google","Related","-","dubai real estate market crash due to war","en","ae","0","-"
2585,"dubai real estate","Google","Related","-","rera certified broker dubai real estate","en","ae","0","-"
2586,"dubai real estate","Google","Related","-","dubai real estate promo video","en","ae","0","-"
2587,"dubai real estate","Google","Related","-","what is dld in dubai real estate","en","ae","0","-"
2588,"dubai real estate","Google","Related","-","dubai real estate risks","en","ae","0","-"
2589,"dubai real estate","Google","Related","-","dubai real estate attorney","en","ae","0","-"
2590,"dubai real estate","Google","Related","-","best platforms for dubai real estate off plan properties investment","en","ae","0","-"
2591,"dubai real estate","Google","Related","-","dubai real estate market price","en","ae","0","-"
2592,"dubai real estate","Google","Related","-","dubai real estate property news","en","ae","0","-"
2593,"dubai real estate","Google","Related","-","dubai real estate investment online","en","ae","0","-"
2594,"dubai real estate","Google","Related","-","investment corporation of dubai real estate","en","ae","0","-"
2595,"dubai real estate","Google","Related","-","dubai real estate questions","en","ae","0","-"
2596,"dubai real estate","Google","Related","-","dubai real estate crash reddit","en","ae","0","-"
2597,"dubai real estate","Google","Related","-","dubai real estate agent instagram","en","ae","0","-"
2598,"dubai real estate","Google","Related","-","dubai real estate report 2025 pdf","en","ae","0","-"
2599,"dubai real estate","Google","Related","-","dubai real estate going down","en","ae","0","-"
2600,"dubai real estate","Google","Related","-","dubai real estate training course","en","ae","0","-"
2601,"dubai real estate","Google","Related","-","dubai real estate transactions data","en","ae","0","-"
2602,"dubai real estate","Google","Related","-","new dubai real estate projects","en","ae","0","-"
2603,"dubai real estate","Google","Related","-","dubai real estate index down","en","ae","0","-"
2604,"dubai real estate","Google","Related","-","dubai real estate near me","en","ae","0","-"
2605,"dubai real estate","Google","Related","-","dubai real estate latest update","en","ae","0","-"
2606,"dubai real estate","Google","Related","-","palm jebel ali dubai real estate","en","ae","0","-"
2607,"dubai real estate","Google","Related","-","dubai real estate jobs for foreigners","en","ae","0","-"
2608,"dubai real estate","Google","Related","-","dubai real estate homes for sale","en","ae","0","-"
2609,"dubai real estate","Google","Related","-","is investing in dubai real estate safe","en","ae","0","-"
2610,"dubai real estate","Google","Related","-","dubai real estate investment golden visa","en","ae","0","-"
2611,"dubai real estate","Google","Related","-","dubai real estate july 2025","en","ae","0","-"
2612,"dubai real estate","Google","Related","-","dubai real estate developers conference","en","ae","0","-"
2613,"dubai real estate","Google","Related","-","dubai real estate legal jobs","en","ae","0","-"
2614,"dubai real estate","Google","Related","-","dubai real estate centre careers","en","ae","0","-"
2615,"dubai real estate","Google","Related","-","dubai real estate ft","en","ae","0","-"
2616,"dubai real estate","Google","Related","-","dubai real estate cinematic","en","ae","0","-"
2617,"dubai real estate","Google","Related","-","dubai real estate q3","en","ae","0","-"
2618,"dubai real estate","Google","Related","-","jordan smith dubai real estate","en","ae","0","-"
2619,"dubai real estate","Google","Related","-","cms dubai real estate","en","ae","0","-"
2620,"dubai real estate","Google","Related","-","should you invest in dubai real estate","en","ae","0","-"
2621,"dubai real estate","Google","Related","-","dubai real estate ubs","en","ae","0","-"
2622,"dubai real estate","Google","Related","-","dubai real estate broker percentage","en","ae","0","-"
2623,"dubai real estate","Google","Related","-","dubai real estate market driven by cash buyers","en","ae","0","-"
2624,"dubai real estate","Google","Related","-","serenia district dubai real estate","en","ae","0","-"
2625,"dubai real estate","Google","Related","-","how dubai real estate","en","ae","0","-"
2626,"dubai real estate","Google","Related","-","dubai real estate agent number","en","ae","0","-"
2627,"dubai real estate","Google","Related","-","dubai real estate brokerage license","en","ae","0","-"
2628,"dubai real estate","Google","Related","-","dubai real estate sinhala","en","ae","0","-"
2629,"dubai real estate","Google","Related","-","dubai real estate agent tamil","en","ae","0","-"
2630,"dubai real estate","Google","Related","-","dubai real estate broker fees","en","ae","0","-"
2631,"dubai real estate","Google","Related","-","dubai real estate over the years","en","ae","0","-"
2632,"dubai real estate","Google","Related","-","dubai real estate market crash reddit","en","ae","0","-"
2633,"dubai real estate","Google","Related","-","dubai real estate market update","en","ae","0","-"
2634,"dubai real estate","Google","Related","-","dubai real estate event in delhi","en","ae","0","-"
2635,"dubai real estate","Google","Related","-","dubai real estate company drec","en","ae","0","-"
2636,"dubai real estate","Google","Related","-","dubai real estate 60","en","ae","0","-"
2637,"dubai real estate","Google","Related","-","3x capital dubai real estate","en","ae","0","-"
2638,"dubai real estate","Google","Related","-","dubai real estate price comparison","en","ae","0","-"
2639,"dubai real estate","Google","Related","-","dubai real estate for","en","ae","0","-"
2640,"dubai real estate","Google","Related","-","dubai real estate philosophy","en","ae","0","-"
2641,"dubai real estate","Google","Related","-","invest dubai real estate burj khalifa","en","ae","0","-"
2642,"dubai real estate","Google","Related","-","dubai real estate jobs in pune","en","ae","0","-"
2643,"dubai real estate","Google","Related","-","dubai real estate softening","en","ae","0","-"
2644,"dubai real estate","Google","Related","-","dubai real estate market explained","en","ae","0","-"
2645,"dubai real estate","Google","Related","-","dubai real estate forecasts","en","ae","0","-"
2646,"dubai real estate","Google","Related","-","dubai real estate sales commission","en","ae","0","-"
2647,"dubai real estate","Google","Related","-","dubai real estate queen","en","ae","0","-"
2648,"dubai real estate","Google","Related","-","dubai real estate market group","en","ae","0","-"
2649,"dubai real estate","Google","Related","-","dubai real estate market crash 2025","en","ae","0","-"
2650,"dubai real estate","Google","Related","-","dubai real estate transactions may 2026","en","ae","0","-"
2651,"dubai real estate","Google","Related","-","dubai real estate write for us","en","ae","0","-"
2652,"dubai real estate","Google","Related","-","dubai real estate 2025 report","en","ae","0","-"
2653,"dubai real estate","Google","Related","-","dubai real estate market drops","en","ae","0","-"
2654,"dubai real estate","Google","Related","-","dubai real estate market due to iran war","en","ae","0","-"
2655,"dubai real estate","Google","Related","-","dubai real estate market index chart","en","ae","0","-"
2656,"dubai real estate","Google","Related","-","dubai real estate rental properties","en","ae","0","-"
2657,"dubai real estate","Google","Related","-","dubai real estate investment advice","en","ae","0","-"
2658,"dubai real estate","Google","Related","-","invest in dubai real estate 2026","en","ae","0","-"
2659,"dubai real estate","Google","Related","-","dubai real estate analysis tool","en","ae","0","-"
2660,"dubai real estate","Google","Related","-","selling dubai real estate","en","ae","0","-"
2661,"dubai real estate","Google","Related","-","lovekesh dubai real estate","en","ae","0","-"
2662,"dubai real estate","Google","Related","-","dubai real estate corporation payment","en","ae","0","-"
2663,"dubai real estate","Google","Related","-","dubai real estate q2 2024","en","ae","0","-"
2664,"dubai real estate","Google","Related","-","dubai real estate market vs global hubs","en","ae","0","-"
2665,"dubai real estate","Google","Related","-","dubai real estate market report 2025 pdf","en","ae","0","-"
2666,"dubai real estate","Google","Related","-","dubai real estate recruitment agency","en","ae","0","-"
2667,"dubai real estate","Google","Related","-","podcast about dubai real estate","en","ae","0","-"
2668,"dubai real estate","Google","Related","-","dubai real estate predictions 2025","en","ae","0","-"
2669,"dubai real estate","Google","Related","-","old town dubai real estate","en","ae","0","-"
2670,"dubai real estate","Google","Related","-","channel 4 dubai real estate cast","en","ae","0","-"
2671,"dubai real estate","Google","Related","-","career in dubai real estate","en","ae","0","-"
2672,"dubai real estate","Google","Related","-","dubai real estate investment 2025","en","ae","0","-"
2673,"dubai real estate","Google","Related","-","dubai real estate good or bad","en","ae","0","-"
2674,"dubai real estate","Google","Related","-","dubai real estate virtual assistant","en","ae","0","-"
2675,"dubai real estate","Google","Related","-","dubai real estate consulting company","en","ae","0","-"
2676,"dubai real estate","Google","Related","-","dubai real estate company share price","en","ae","0","-"
2677,"dubai real estate","Google","Related","-","farm dubai real estate","en","ae","0","-"
2678,"dubai real estate","Google","Related","-","how to calculate roi in dubai real estate","en","ae","0","-"
2679,"dubai real estate","Google","Related","-","bmw dubai real estate","en","ae","0","-"
2680,"dubai real estate","Google","Related","-","dubai real estate digital currency purchases","en","ae","0","-"
2681,"dubai real estate","Google","Related","-","dubai real estate june 2025","en","ae","0","-"
2682,"dubai real estate","Google","Related","-","zoheb dubai real estate","en","ae","0","-"
2683,"dubai real estate","Google","Related","-","zed capital dubai real estate","en","ae","0","-"
2684,"dubai real estate","Google","Related","-","form b in dubai real estate","en","ae","0","-"
2685,"dubai real estate","Google","Related","-","invest in dubai real estate for indian","en","ae","0","-"
2686,"dubai real estate","Google","Related","-","dubai real estate rental roi","en","ae","0","-"
2687,"dubai real estate","Google","Related","-","app to invest in dubai real estate","en","ae","0","-"
2688,"dubai real estate","Google","Related","-","why people are investing in dubai real estate","en","ae","0","-"
2689,"dubai real estate","Google","Related","-","dubai real estate agent lookup","en","ae","0","-"
2690,"dubai real estate","Google","Related","-","dubai real estate agent website","en","ae","0","-"
2691,"dubai real estate","Google","Related","-","dubai real estate market now","en","ae","0","-"
2692,"dubai real estate","Google","Related","-","us real estate vs dubai real estate","en","ae","0","-"
2693,"dubai real estate","Google","Related","-","dubai real estate capital appreciation","en","ae","0","-"
2694,"dubai real estate","Google","Related","-","taxes dubai real estate","en","ae","0","-"
2695,"dubai real estate","Google","Related","-","how old is dubai real estate market","en","ae","0","-"
2696,"dubai real estate","Google","Related","-","dubai real estate investment guide 2025","en","ae","0","-"
2697,"dubai real estate","Google","Related","-","dubai real estate jobs indeed","en","ae","0","-"
2698,"dubai real estate","Google","Related","-","dubai real estate agency news","en","ae","0","-"
2699,"dubai real estate","Google","Related","-","best dubai real estate podcast","en","ae","0","-"
2700,"dubai real estate","Google","Related","-","dubai real estate in usd","en","ae","0","-"
2701,"dubai real estate","Google","Related","-","dubai real estate 3d","en","ae","0","-"
2702,"dubai real estate","Google","Related","-","is dubai real estate a bubble reddit","en","ae","0","-"
2703,"dubai real estate","Google","Related","-","dubai real estate books","en","ae","0","-"
2704,"dubai real estate","Google","Related","-","top 10 countries investing in dubai real estate","en","ae","0","-"
2705,"dubai real estate","Google","Related","-","dubai real estate dark side","en","ae","0","-"
2706,"dubai real estate","Google","Related","-","master of dubai real estate","en","ae","0","-"
2707,"dubai real estate","Google","Related","-","death of dubai real estate","en","ae","0","-"
2708,"dubai real estate","Google","Related","-","dubai real estate glossary","en","ae","0","-"
2709,"dubai real estate","Google","Related","-","will dubai real estate prices go down","en","ae","0","-"
2710,"dubai real estate","Google","Related","-","dubai real estate vs indian real estate","en","ae","0","-"
2711,"dubai real estate","Google","Related","-","exit strategy in dubai real estate","en","ae","0","-"
2712,"dubai real estate","Google","Related","-","impact of tourism on dubai real estate","en","ae","0","-"
2713,"dubai real estate","Google","Related","-","dubai real estate global comparison","en","ae","0","-"
2714,"dubai real estate","Google","Related","-","long term outlook dubai real estate","en","ae","0","-"
2715,"dubai real estate","Google","Related","-","demand drivers in dubai real estate","en","ae","0","-"
2716,"dubai real estate","Google","Related","-","dubai real estate visa benefits","en","ae","0","-"
2717,"dubai real estate","Google","Related","-","will dubai real estate crash due to war","en","ae","0","-"
2718,"dubai real estate","Google","Related","-","what is ejari in dubai real estate","en","ae","0","-"
2719,"dubai real estate","Google","Related","-","will dubai real estate","en","ae","0","-"
2720,"dubai real estate","Google","Related","-","dubai real estate jobs for indian freshers","en","ae","0","-"
2721,"dubai real estate","Google","Related","-","dubai real estate index live","en","ae","0","-"
2722,"dubai real estate","Google","Related","-","dubai real estate market name list","en","ae","0","-"
2723,"dubai real estate","Google","Related","-","poa in dubai real estate","en","ae","0","-"
2724,"dubai real estate","Google","Related","-","best dubai real estate company in gurgaon","en","ae","0","-"
2725,"dubai real estate","Google","Related","-","dubai real estate brokers in usa","en","ae","0","-"
2726,"dubai real estate","Google","Related","-","dubai real estate war effect","en","ae","0","-"
2727,"dubai real estate","Google","Related","-","dubai real estate market in 2024","en","ae","0","-"
2728,"dubai real estate","Google","Related","-","dubai real estate syed","en","ae","0","-"
2729,"dubai real estate","Google","Related","-","dubai real estate sls","en","ae","0","-"
2730,"dubai real estate","Google","Related","-","impact on dubai real estate market","en","ae","0","-"
2731,"dubai real estate","Google","Related","-","dubai real estate investor","en","ae","0","-"
2732,"dubai real estate","Google","Related","-","dubai real estate value chart","en","ae","0","-"
2733,"dubai real estate","Google","Related","-","will dubai real estate recover","en","ae","0","-"
2734,"dubai real estate","Google","Related","-","dubai real estate graphic","en","ae","0","-"
2735,"dubai real estate","Google","Related","-","dubai real estate projections","en","ae","0","-"
2736,"dubai real estate","Google","Related","-","dubai real estate investment risks","en","ae","0","-"
2737,"dubai real estate","Google","Related","-","dubai real estate projects map","en","ae","0","-"
2738,"dubai real estate","Google","Related","-","dubai real estate properties map","en","ae","0","-"
2739,"dubai real estate","Google","Related","-","dubai real estate forecast for next 5 years","en","ae","0","-"
2740,"dubai real estate","Google","Related","-","roi analysis for dubai real estate","en","ae","0","-"
2741,"dubai real estate","Google","Related","-","dubai real estate q3 2025 report","en","ae","0","-"
2742,"dubai real estate","Google","Related","-","dubai real estate hub","en","ae","0","-"
2743,"dubai real estate","Google","Related","-","dubai real estate 2025 predictions","en","ae","0","-"
2744,"dubai real estate","Google","Related","-","dubai real estate video","en","ae","0","-"
2745,"dubai real estate","Google","Related","-","dubai real estate view","en","ae","0","-"
2746,"dubai real estate","Google","Related","-","dubai real estate brokerage companies","en","ae","0","-"
2747,"dubai real estate","Google","Related","-","how to invest in dubai real estate from pakistan","en","ae","0","-"
2748,"dubai real estate","Google","Related","-","dubai real estate boom or bust","en","ae","0","-"
2749,"dubai real estate","Google","Related","-","amazon dubai real estate","en","ae","0","-"
2750,"dubai real estate","Google","Related","-","dubai real estate telegram group link","en","ae","0","-"
2751,"dubai real estate","Google","Related","-","dubai real estate terminology","en","ae","0","-"
2752,"dubai real estate","Google","Related","-","shah rukh khan dubai real estate","en","ae","0","-"
2753,"dubai real estate","Google","Related","-","object 1 dubai real estate","en","ae","0","-"
2754,"dubai real estate","Google","Related","-","aa properties dubai real estate brokers photos","en","ae","0","-"
2755,"dubai real estate","Google","Related","-","dubai real estate q4 2024","en","ae","0","-"
2756,"dubai real estate","Google","Related","-","dubai real estate agent malayalam","en","ae","0","-"
2757,"dubai real estate","Google","Related","-","dubai real estate investment trends","en","ae","0","-"
2758,"dubai real estate","Google","Related","-","dubai real estate september","en","ae","0","-"
2759,"dubai real estate","Google","Related","-","dubai real estate 100k","en","ae","0","-"
2760,"dubai real estate","Google","Related","-","dubai real estate database 2025","en","ae","0","-"
2761,"dubai real estate","Google","Related","-","dubai real estate for buy","en","ae","0","-"
2762,"dubai real estate","Google","Related","-","dubai real estate agents salary","en","ae","0","-"
2763,"dubai real estate","Google","Related","-","dubai real estate girls reddit","en","ae","0","-"
2764,"dubai real estate","Google","Related","-","luxury dubai real estate for expats","en","ae","0","-"
2765,"dubai real estate","Google","Related","-","dubai real estate projects status","en","ae","0","-"
2766,"dubai real estate","Google","Related","-","how is dubai real estate market now","en","ae","0","-"
2767,"dubai real estate","Google","Related","-","dubai real estate market outlook 2025","en","ae","0","-"
2768,"dubai real estate","Google","Related","-","dubai real estate market september 2025","en","ae","0","-"
2769,"dubai real estate","Google","Related","-","dubai real estate expo in boston","en","ae","0","-"
2770,"dubai real estate","Google","Related","-","dubai real estate index stock","en","ae","0","-"
2771,"dubai real estate","Google","Related","-","dubai real estate developer list","en","ae","0","-"
2772,"dubai real estate","Google","Related","-","dubai real estate agent whatsapp","en","ae","0","-"
2773,"dubai real estate","Google","Related","-","dubai real estate agent training cursa","en","ae","0","-"
2774,"dubai real estate","Google","Related","-","dubai real estate danube","en","ae","0","-"
2775,"dubai real estate","Google","Related","-","dubai real estate index today","en","ae","0","-"
2776,"dubai real estate","Google","Related","-","dubai real estate market graph live","en","ae","0","-"
2777,"dubai real estate","Google","Related","-","how can i invest in dubai real estate stocks","en","ae","0","-"
2778,"dubai real estate","Google","Related","-","careers in dubai real estate","en","ae","0","-"
2779,"dubai real estate","Google","Related","-","best developers in dubai real estate","en","ae","0","-"
2780,"dubai real estate","Google","Related","-","dubai real estate 2027","en","ae","0","-"
2781,"dubai real estate","Google","Related","-","effect of iran war on dubai real estate","en","ae","0","-"
2782,"dubai real estate","Google","Related","-","dubai real estate commission structure","en","ae","0","-"
2783,"dubai real estate","Google","Related","-","dubai real estate finder","en","ae","0","-"
2784,"dubai real estate","Google","Related","-","dubai real estate investment for golden visa","en","ae","0","-"
2785,"dubai real estate","Google","Related","-","dubai real estate market returns","en","ae","0","-"
2786,"dubai real estate","Google","Related","-","top dubai real estate agencies","en","ae","0","-"
2787,"dubai real estate","Google","Related","-","dubai real estate agent licence","en","ae","0","-"
2788,"dubai real estate","Google","Related","-","noc meaning in dubai real estate","en","ae","0","-"
2789,"dubai real estate","Google","Related","-","what is noc in dubai real estate","en","ae","0","-"
2790,"dubai real estate","Google","Related","-","dubai real estate rental transactions","en","ae","0","-"
2791,"dubai real estate","Google","Related","-","dubai real estate poa","en","ae","0","-"
2792,"dubai real estate","Google","Related","-","dubai real estate investment surge","en","ae","0","-"
2793,"dubai real estate","Google","Related","-","how profitable is dubai real estate","en","ae","0","-"
2794,"dubai real estate","Google","Related","-","dubai real estate for international investors","en","ae","0","-"
2795,"dubai real estate","Google","Related","-","dubai real estate license for sale","en","ae","0","-"
2796,"dubai real estate","Google","Related","-","podcast on dubai real estate","en","ae","0","-"
2797,"dubai real estate","Google","Related","-","dubai real estate loan calculator","en","ae","0","-"
2798,"dubai real estate","Google","Related","-","dubai real estate beyond headlines","en","ae","0","-"
2799,"dubai real estate","Google","Related","-","dubai real estate model","en","ae","0","-"
2800,"dubai real estate","Google","Related","-","dubai real estate news dubai","en","ae","0","-"
2801,"dubai real estate","Google","Related","-","dubai real estate myths vs facts","en","ae","0","-"
2802,"dubai real estate","Google","Related","-","dubai real estate market presentation","en","ae","0","-"
2803,"dubai real estate","Google","Related","-","is the dubai real estate market going to crash","en","ae","0","-"
2804,"dubai real estate","Google","Related","-","dubai real estate roi reddit","en","ae","0","-"
2805,"dubai real estate","Google","Related","-","dubai real estate global expansion","en","ae","0","-"
2806,"dubai real estate","Google","Related","-","dubai real estate agent average salary","en","ae","0","-"
2807,"dubai real estate","Google","Related","-","dftc dubai real estate disputes","en","ae","0","-"
2808,"dubai real estate","Google","Related","-","luxury living dubai real estate","en","ae","0","-"
2809,"dubai real estate","Google","Related","-","training dubai real estate","en","ae","0","-"
2810,"dubai real estate","Google","Related","-","dubai real estate companies 2025","en","ae","0","-"
2811,"dubai real estate","Google","Related","-","is dubai real estate good investment","en","ae","0","-"
2812,"dubai real estate","Google","Related","-","dubai real estate agency fee","en","ae","0","-"
2813,"dubai real estate","Google","Related","-","dubai real estate company license","en","ae","0","-"
2814,"dubai real estate","Google","Related","-","dubai real estate september 2023","en","ae","0","-"
2815,"dubai real estate","Google","Related","-","dubai real estate wealth","en","ae","0","-"
2816,"dubai real estate","Google","Related","-","best place to invest in dubai real estate","en","ae","0","-"
2817,"dubai real estate","Google","Related","-","dubai real estate interview questions","en","ae","0","-"
2818,"dubai real estate","Google","Related","-","erp software for dubai real estate developers","en","ae","0","-"
2819,"dubai real estate","Google","Related","-","dubai real estate 1","en","ae","0","-"
2820,"dubai real estate","Google","Related","-","dubai real estate bonds distress","en","ae","0","-"
2821,"dubai real estate","Google","Related","-","study dubai real estate market","en","ae","0","-"
2822,"dubai real estate","Google","Related","-","dubai real estate shorts","en","ae","0","-"
2823,"dubai real estate","Google","Related","-","hamed ghelichkhani training dubai real estate agents","en","ae","0","-"
2824,"dubai real estate","Google","Related","-","dubai real estate in tamil","en","ae","0","-"
2825,"dubai real estate","Google","Related","-","nri investment dubai real estate","en","ae","0","-"
2826,"dubai real estate","Google","Related","-","dubai real estate market growth","en","ae","0","-"
2827,"dubai real estate","Google","Related","-","dubai real estate financing","en","ae","0","-"
2828,"dubai real estate","Google","Related","-","dubai real estate prices to fall","en","ae","0","-"
2829,"dubai real estate","Google","Related","-","dubai real estate expo in bangkok 2025","en","ae","0","-"
2830,"dubai real estate","Google","Related","-","dubai real estate prices by year","en","ae","0","-"
2831,"dubai real estate","Google","Related","-","how to invest in dubai real estate index from india","en","ae","0","-"
2832,"dubai real estate","Google","Related","-","dubai real estate market dip","en","ae","0","-"
2833,"dubai real estate","Google","Related","-","dubai real estate agent work","en","ae","0","-"
2834,"dubai real estate","Google","Related","-","how to invest in dubai real estate from australia","en","ae","0","-"
2835,"dubai real estate","Google","Related","-","dubai real estate accelerator program","en","ae","0","-"
2836,"dubai real estate","Google","Related","-","new launch dubai real estate","en","ae","0","-"
2837,"dubai real estate","Google","Related","-","dubai real estate 1 payment plan","en","ae","0","-"
2838,"dubai real estate","Google","Related","-","dubai real estate agent manpreet kaur","en","ae","0","-"
2839,"dubai real estate","Google","Related","-","dubai real estate remote jobs","en","ae","0","-"
2840,"dubai real estate","Google","Related","-","dubai real estate market growth chart","en","ae","0","-"
2841,"dubai real estate","Google","Related","-","dubai real estate market risks fitch","en","ae","0","-"
2842,"dubai real estate","Google","Related","-","invest in dubai real estate online","en","ae","0","-"
2843,"dubai real estate","Google","Related","-","dubai real estate market data","en","ae","0","-"
2844,"dubai real estate","Google","Related","-","dubai real estate market vs paris","en","ae","0","-"
2845,"dubai real estate","Google","Related","-","dubai real estate market august 2025","en","ae","0","-"
2846,"dubai real estate","Google","Related","-","dubai real estate market growth graph","en","ae","0","-"
2847,"dubai real estate","Google","Related","-","what is dubai real estate corporation","en","ae","0","-"
2848,"dubai real estate","Google","Related","-","who owns dubai real estate corporation","en","ae","0","-"
2849,"dubai real estate","Google","Related","-","dubai real estate company registration","en","ae","0","-"
2850,"dubai real estate","Google","Related","-","dubai real estate broker company","en","ae","0","-"
2851,"dubai real estate","Google","Related","-","yana dubai real estate","en","ae","0","-"
2852,"dubai real estate","Google","Related","-","dubai real estate analyst jobs","en","ae","0","-"
2853,"dubai real estate","Google","Related","-","dubai real estate jobs requirements","en","ae","0","-"
2854,"dubai real estate","Google","Related","-","reely dubai real estate","en","ae","0","-"
2855,"dubai real estate","Google","Related","-","wali khan dubai real estate","en","ae","0","-"
2856,"dubai real estate","Google","Related","-","part 9 of training dubai real estate agents ownership certificates","en","ae","0","-"
2857,"dubai real estate","Google","Related","-","women in dubai real estate","en","ae","0","-"
2858,"dubai real estate","Google","Related","-","dubai real estate rental index","en","ae","0","-"
2859,"dubai real estate","Google","Related","-","dubai real estate flyers","en","ae","0","-"
2860,"dubai real estate","Google","Related","-","dubai real estate toronto","en","ae","0","-"
2861,"dubai real estate","Google","Related","-","is dubai real estate cheaper than mumbai","en","ae","0","-"
2862,"dubai real estate","Google","Related","-","dubai real estate earnings","en","ae","0","-"
2863,"dubai real estate","Google","Related","-","maxim zubarev inside dubai real estate","en","ae","0","-"
2864,"dubai real estate","Google","Related","-","dubai real estate sales training","en","ae","0","-"
2865,"dubai real estate","Google","Related","-","investor guide to dubai real estate","en","ae","0","-"
2866,"dubai real estate","Google","Related","-","day in the life dubai real estate","en","ae","0","-"
2867,"dubai real estate","Google","Related","-","top 10 investors in dubai real estate","en","ae","0","-"
2868,"dubai real estate","Google","Related","-","dubai real estate women","en","ae","0","-"
2869,"dubai real estate","Google","Related","-","dubai real estate brokerage services","en","ae","0","-"
2870,"dubai real estate","Google","Related","-","dubai real estate picture","en","ae","0","-"
2871,"dubai real estate","Google","Related","-","dubai real estate architectural design","en","ae","0","-"
2872,"dubai real estate","Google","Related","-","dubai real estate login","en","ae","0","-"
2873,"dubai real estate","Google","Related","-","dubai real estate broker rera exam course","en","ae","0","-"
2874,"dubai real estate","Google","Related","-","dubai real estate expo drex 2026","en","ae","0","-"
2875,"dubai real estate","Google","Related","-","dubai real estate hit","en","ae","0","-"
2876,"dubai real estate","Google","Related","-","will dubai real estate prices fall","en","ae","0","-"
2877,"dubai real estate","Google","Related","-","dubai real estate from india","en","ae","0","-"
2878,"dubai real estate","Google","Related","-","dubai real estate agent salary per month","en","ae","0","-"
2879,"dubai real estate","Google","Related","-","dubai real estate brokerage success","en","ae","0","-"
2880,"dubai real estate","Google","Related","-","power of attorney dubai real estate","en","ae","0","-"
2881,"dubai real estate","Google","Related","-","dubai real estate market to crash","en","ae","0","-"
2882,"dubai real estate","Google","Related","-","dubai real estate will crash","en","ae","0","-"
2883,"dubai real estate","Google","Related","-","dubai real estate market analysis 2025","en","ae","0","-"
2884,"dubai real estate","Google","Related","-","dubai real estate bubble 2022","en","ae","0","-"
2885,"dubai real estate","Google","Related","-","dubai real estate experience","en","ae","0","-"
2886,"dubai real estate","Google","Related","-","dubai real estate solutions","en","ae","0","-"
2887,"dubai real estate","Google","Related","-","dubai real estate university","en","ae","0","-"
2888,"dubai real estate","Google","Related","-","content ideas for dubai real estate","en","ae","0","-"
2889,"dubai real estate","Google","Related","-","smart city projects dubai real estate","en","ae","0","-"
2890,"dubai real estate","Google","Related","-","ownership costs dubai real estate","en","ae","0","-"
2891,"dubai real estate","Google","Related","-","agency commission in dubai real estate","en","ae","0","-"
2892,"dubai real estate","Google","Related","-","emaar heights dubai real estate","en","ae","0","-"
2893,"dubai real estate","Google","Related","-","dubai real estate investment event","en","ae","0","-"
2894,"dubai real estate","Google","Related","-","dubai real estate podcasts","en","ae","0","-"
2895,"dubai real estate","Google","Related","-","invest dubai real estate company","en","ae","0","-"
2896,"dubai real estate","Google","Related","-","become a dubai real estate agent","en","ae","0","-"
2897,"dubai real estate","Google","Related","-","dubai real estate transactions march 2026","en","ae","0","-"
2898,"dubai real estate","Google","Related","-","dubai real estate goes down","en","ae","0","-"
2899,"dubai real estate","Google","Related","-","dubai real estate is going down","en","ae","0","-"
2900,"dubai real estate","Google","Related","-","creative direction dubai real estate","en","ae","0","-"
2901,"dubai real estate","Google","Related","-","are dubai real estate prices dropping","en","ae","0","-"
2902,"dubai real estate","Google","Related","-","dubai real estate market statistics 2025","en","ae","0","-"
2903,"dubai real estate","Google","Related","-","dubai real estate market war","en","ae","0","-"
2904,"dubai real estate","Google","Related","-","dubai real estate market current situation","en","ae","0","-"
2905,"dubai real estate","Google","Related","-","how to invest in dubai real estate stock market","en","ae","0","-"
2906,"dubai real estate","Google","Related","-","is it good to invest in dubai real estate now","en","ae","0","-"
2907,"dubai real estate","Google","Related","-","dubai real estate kannada","en","ae","0","-"
2908,"dubai real estate","Google","Related","-","dubai real estate investment for expats","en","ae","0","-"
2909,"dubai real estate","Google","Related","-","dubai real estate jebel ali","en","ae","0","-"
2910,"dubai real estate","Google","Related","-","dubai real estate market april 2026","en","ae","0","-"
2911,"dubai real estate","Google","Related","-","dubai real estate stock price","en","ae","0","-"
2912,"dubai real estate","Google","Related","-","dubai real estate elite","en","ae","0","-"
2913,"dubai real estate","Google","Related","-","dubai real estate viral video in australia","en","ae","0","-"
2914,"dubai real estate","Google","Related","-","is dubai real estate price going down","en","ae","0","-"
2915,"dubai real estate","Google","Related","-","is dubai real estate affected by war","en","ae","0","-"
2916,"dubai real estate","Google","Related","-","the heart of europe dubai real estate","en","ae","0","-"
2917,"dubai real estate","Google","Related","-","pcc dubai real estate","en","ae","0","-"
2918,"dubai real estate","Google","Related","-","dubai real estate tokenized investment platform","en","ae","0","-"
2919,"dubai real estate","Google","Related","-","dubai real estate market report jll","en","ae","0","-"
2920,"dubai real estate","Google","Related","-","mohammed zohaib dubai real estate","en","ae","0","-"
2921,"dubai real estate","Google","Related","-","dubai real estate compliance","en","ae","0","-"
2922,"dubai real estate","Google","Related","-","dubai real estate crm software","en","ae","0","-"
2923,"dubai real estate","Google","Related","-","dubai real estate fell","en","ae","0","-"
2924,"dubai real estate","Google","Related","-","elie saab dubai real estate","en","ae","0","-"
2925,"dubai real estate","Google","Related","-","stake in dubai real estate","en","ae","0","-"
2926,"dubai real estate","Google","Related","-","dubai real estate 2024 outlook","en","ae","0","-"
2927,"dubai real estate","Google","Related","-","technology in dubai real estate","en","ae","0","-"
2928,"dubai real estate","Google","Related","-","dubai real estate 101","en","ae","0","-"
2929,"dubai real estate","Google","Related","-","dubai real estate landing page","en","ae","0","-"
2930,"dubai real estate","Google","Related","-","latest trends in dubai real estate","en","ae","0","-"
2931,"dubai real estate","Google","Related","-","dubai real estate market report q1 2026","en","ae","0","-"
2932,"dubai real estate","Google","Related","-","premium dubai real estate presentations pdf","en","ae","0","-"
2933,"dubai real estate","Google","Related","-","dubai real estate marketing strategy","en","ae","0","-"
2934,"dubai real estate","Google","Related","-","dubai real estate dashboard","en","ae","0","-"
2935,"dubai real estate","Google","Related","-","how to invest in dubai real estate market","en","ae","0","-"
2936,"dubai real estate","Google","Related","-","smart contracts dubai real estate","en","ae","0","-"
2937,"dubai real estate","Google","Related","-","dubai real estate forecast platforms","en","ae","0","-"
2938,"dubai real estate","Google","Related","-","dubai real estate sales pitch","en","ae","0","-"
2939,"dubai real estate","Google","Related","-","dubai real estate falling","en","ae","0","-"
2940,"dubai real estate","Google","Related","-","dubai real estate vat","en","ae","0","-"
2941,"dubai real estate","Google","Related","-","savills dubai real estate report","en","ae","0","-"
2942,"dubai real estate","Google","Related","-","dubai real estate dispute","en","ae","0","-"
2943,"dubai real estate","Google","Related","-","how to invest in dubai real estate investment trust","en","ae","0","-"
2944,"dubai real estate","Google","Related","-","which country invest most in dubai real estate","en","ae","0","-"
2945,"dubai real estate","Google","Related","-","investing in dubai real estate from australia","en","ae","0","-"
2946,"dubai real estate","Google","Related","-","dubai real estate management jobs","en","ae","0","-"
2947,"dubai real estate","Google","Related","-","dubai real estate companies in hyderabad","en","ae","0","-"
2948,"dubai real estate","Google","Related","-","dubai real estate brokerage firm","en","ae","0","-"
2949,"dubai real estate","Google","Related","-","dubai real estate agent earnings","en","ae","0","-"
2950,"dubai real estate","Google","Related","-","dubai real estate big companies","en","ae","0","-"
2951,"dubai real estate","Google","Related","-","dubai real estate supply vs demand","en","ae","0","-"
2952,"dubai real estate","Google","Related","-","dubai real estate predictions for next 5 years","en","ae","0","-"
2953,"dubai real estate","Google","Related","-","dubai real estate apprenticeship","en","ae","0","-"
2954,"dubai real estate","Google","Related","-","can indian invest in dubai real estate","en","ae","0","-"
2955,"dubai real estate","Google","Related","-","dubai real estate growth 2025","en","ae","0","-"
2956,"dubai real estate","Google","Related","-","dubai real estate contract nullified compensation","en","ae","0","-"
2957,"dubai real estate","Google","Related","-","ras al khaimah vs dubai real estate","en","ae","0","-"
2958,"dubai real estate","Google","Related","-","dubai real estate where to invest","en","ae","0","-"
2959,"dubai real estate","Google","Related","-","what does off plan mean in dubai real estate","en","ae","0","-"
2960,"dubai real estate","Google","Related","-","dubai real estate sector performance","en","ae","0","-"
2961,"dubai real estate","Google","Related","-","khaleej mag dubai real estate market","en","ae","0","-"
2962,"dubai real estate","Google","Related","-","dubai real estate market fall","en","ae","0","-"
2963,"dubai real estate","Google","Related","-","jll dubai real estate market report","en","ae","0","-"
2964,"dubai real estate","Google","Related","-","dubai real estate ai platform","en","ae","0","-"
2965,"dubai real estate","Google","Related","-","dubai real estate investment yield","en","ae","0","-"
2966,"dubai real estate","Google","Related","-","dubai real estate outlook 2026","en","ae","0","-"
2967,"dubai real estate","Google","Related","-","dubai real estate agent process","en","ae","0","-"
2968,"dubai real estate","Google","Related","-","dubai real estate for investors","en","ae","0","-"
2969,"dubai real estate","Google","Related","-","market cycle dubai real estate","en","ae","0","-"
2970,"dubai real estate","Google","Related","-","luxury content dubai real estate","en","ae","0","-"
2971,"dubai real estate","Google","Related","-","expo legacy impact dubai real estate","en","ae","0","-"
2972,"dubai real estate","Google","Related","-","dubai real estate terms","en","ae","0","-"
2973,"dubai real estate","Google","Related","-","dubai real estate loan","en","ae","0","-"
2974,"dubai real estate","Google","Related","-","dubai real estate companies top","en","ae","0","-"
2975,"dubai real estate","Google","Related","-","dubai real estate companies career","en","ae","0","-"
2976,"dubai real estate","Google","Related","-","dubai real estate brokerage contract","en","ae","0","-"
2977,"dubai real estate","Google","Related","-","dubai real estate agent check","en","ae","0","-"
2978,"dubai real estate","Google","Related","-","dubai real estate agents whatsapp group","en","ae","0","-"
2979,"dubai real estate","Google","Related","-","dubai real estate news khaleej times today","en","ae","0","-"
2980,"dubai real estate","Google","Related","-","invest dubai real estate reviews","en","ae","0","-"
2981,"dubai real estate","Google","Related","-","how much commission in dubai real estate","en","ae","0","-"
2982,"dubai real estate","Google","Related","-","is dubai real estate overvalued","en","ae","0","-"
2983,"dubai real estate","Google","Related","-","dubai real estate will go down","en","ae","0","-"
2984,"dubai real estate","Google","Related","-","dubai real estate marketing company","en","ae","0","-"
2985,"dubai real estate","Google","Related","-","dubai real estate market index today","en","ae","0","-"
2986,"dubai real estate","Google","Related","-","dubai real estate market price drop","en","ae","0","-"
2987,"dubai real estate","Google","Related","-","dubai real estate market chart today","en","ae","0","-"
2988,"dubai real estate","Google","Related","-","dubai real estate market cycles","en","ae","0","-"
2989,"dubai real estate","Google","Related","-","invest in dubai real estate etf","en","ae","0","-"
2990,"dubai real estate","Google","Related","-","dubai real estate investment index","en","ae","0","-"
2991,"dubai real estate","Google","Related","-","guide to dubai real estate","en","ae","0","-"
2992,"dubai real estate","Google","Related","-","sharjah vs dubai real estate","en","ae","0","-"
2993,"dubai real estate","Google","Related","-","ellington dubai real estate","en","ae","0","-"
2994,"dubai real estate","Google","Related","-","dubai real estate institute drei website","en","ae","0","-"
2995,"dubai real estate","Google","Related","-","dubai real estate study","en","ae","0","-"
2996,"dubai real estate","Google","Related","-","dubai real estate company vacancy","en","ae","0","-"
2997,"dubai real estate","Google","Related","-","how to invest in dubai real estate with little money","en","ae","0","-"
2998,"dubai real estate","Google","Related","-","dubai real estate mortgage","en","ae","0","-"
2999,"dubai real estate","Google","Related","-","what is contract b in dubai real estate","en","ae","0","-"
3000,"dubai real estate","Google","Related","-","dubai real estate transaction process","en","ae","0","-"
3001,"dubai real estate","Google","Related","-","dubai real estate property taxes","en","ae","0","-"
3002,"dubai real estate","Google","Related","-","dubai real estate financing for foreigners","en","ae","0","-"
3003,"dubai real estate","Google","Related","-","dubai real estate is india's latest fad","en","ae","0","-"
3004,"dubai real estate","Google","Related","-","dubai real estate investment expo","en","ae","0","-"
3005,"dubai real estate","Google","Related","-","dubai real estate posts","en","ae","0","-"
3006,"dubai real estate","Google","Related","-","dubai real estate market forecast 2026","en","ae","0","-"
3007,"dubai real estate","Google","Related","-","dubai real estate cinematic video","en","ae","0","-"
3008,"dubai real estate","Google","Related","-","dubai real estate asset management","en","ae","0","-"
3009,"dubai real estate","Google","Related","-","dubai real estate crms","en","ae","0","-"
3010,"dubai real estate","Google","Related","-","dubai real estate market forecast 2026 pdf","en","ae","0","-"
3011,"dubai real estate","Google","Related","-","dubai real estate of the year","en","ae","0","-"
3012,"dubai real estate","Google","Related","-","why is dubai real estate so expensive","en","ae","0","-"
3013,"dubai real estate","Google","Related","-","dubai real estate crash coming","en","ae","0","-"
3014,"dubai real estate","Google","Related","-","dubai real estate market stock","en","ae","0","-"
3015,"dubai real estate","Google","Related","-","dubai real estate website marketing","en","ae","0","-"
3016,"dubai real estate","Google","Related","-","dubai real estate expo sydney","en","ae","0","-"
3017,"dubai real estate","Google","Related","-","dubai real estate expo surat","en","ae","0","-"
3018,"dubai real estate","Google","Related","-","dubai real estate summit 2024","en","ae","0","-"
3019,"dubai real estate","Google","Related","-","luxury properties dubai real estate","en","ae","0","-"
3020,"dubai real estate","Google","Related","-","dubai real estate in us","en","ae","0","-"
3021,"dubai real estate","Google","Related","-","can anyone invest in dubai real estate","en","ae","0","-"
3022,"dubai real estate","Google","Related","-","dubai real estate predictions 2026","en","ae","0","-"
3023,"dubai real estate","Google","Related","-","ubs dubai real estate bubble risk","en","ae","0","-"
3024,"dubai real estate","Google","Related","-","how much do dubai real estate agents earn","en","ae","0","-"
3025,"dubai real estate","Google","Related","-","zillow dubai real estate","en","ae","0","-"
3026,"dubai real estate","Google","Related","-","dubai real estate confidential","en","ae","0","-"
3027,"dubai real estate","Google","Related","-","best dubai real estate return on investment","en","ae","0","-"
3028,"dubai real estate","Google","Related","-","dubai real estate agents in mumbai","en","ae","0","-"
3029,"dubai real estate","Google","Related","-","dubai real estate digital marketing","en","ae","0","-"
3030,"dubai real estate","Google","Related","-","dubai real estate transactions h1 2025","en","ae","0","-"
3031,"dubai real estate","Google","Related","-","dubai real estate companies top 10","en","ae","0","-"
3032,"dubai real estate","Google","Related","-","dubai real estate tips","en","ae","0","-"
3033,"dubai real estate","Google","Related","-","ceo jobs dubai real estate","en","ae","0","-"
3034,"dubai real estate","Google","Related","-","dubai real estate for americans","en","ae","0","-"
3035,"dubai real estate","Google","Related","-","dubai real estate market price trend","en","ae","0","-"
3036,"dubai real estate","Google","Related","-","dubai real estate corporation board","en","ae","0","-"
3037,"dubai real estate","Google","Related","-","dubai real estate to fall","en","ae","0","-"
3038,"dubai real estate","Google","Related","-","dubai real estate buy with crypto","en","ae","0","-"
3039,"dubai real estate","Google","Related","-","dubai real estate market ticker","en","ae","0","-"
3040,"dubai real estate","Google","Related","-","dubai real estate market due to war","en","ae","0","-"
3041,"dubai real estate","Google","Related","-","invest in dubai real estate from india","en","ae","0","-"
3042,"dubai real estate","Google","Related","-","dubai real estate buying guide for expats","en","ae","0","-"
3043,"dubai real estate","Google","Related","-","arman kabir dubai real estate","en","ae","0","-"
3044,"dubai real estate","Google","Related","-","dubai real estate market 2025 malayalam","en","ae","0","-"
3045,"dubai real estate","Google","Related","-","dubai real estate q1 2025 sales","en","ae","0","-"
3046,"dubai real estate","Google","Related","-","dubai real estate bonds are starting to fall into distress","en","ae","0","-"
3047,"dubai real estate","Google","Related","-","new york vs dubai real estate","en","ae","0","-"
3048,"dubai real estate","Google","Related","-","dubai real estate graph live","en","ae","0","-"
3049,"dubai real estate","Google","Related","-","dubai real estate value graph","en","ae","0","-"
3050,"dubai real estate","Google","Related","-","dubai real estate land department","en","ae","0","-"
3051,"dubai real estate","Google","Related","-","dubai real estate 2025 news","en","ae","0","-"
3052,"dubai real estate","Google","Related","-","dubai real estate job apply","en","ae","0","-"
3053,"dubai real estate","Google","Related","-","dubai real estate agent business card","en","ae","0","-"
3054,"dubai real estate","Google","Related","-","dubai real estate share","en","ae","0","-"
3055,"dubai real estate","Google","Related","-","dubai real estate investment for foreigners","en","ae","0","-"
3056,"dubai real estate","Google","Related","-","dubai real estate xrp tokenization","en","ae","0","-"
3057,"dubai real estate","Google","Related","-","dubai real estate prices march 2026","en","ae","0","-"
3058,"dubai real estate","Google","Related","-","dubai real estate market regulations","en","ae","0","-"
3059,"dubai real estate","Google","Related","-","dubai real estate lead generation agency","en","ae","0","-"
3060,"dubai real estate","Google","Related","-","dubai real estate agent fee","en","ae","0","-"
3061,"dubai real estate","Google","Related","-","dubai real estate new launch","en","ae","0","-"
3062,"dubai real estate","Google","Related","-","stake dubai real estate reddit","en","ae","0","-"
3063,"dubai real estate","Google","Related","-","dubai real estate data analytics","en","ae","0","-"
3064,"dubai real estate","Google","Related","-","dubai real estate sales data","en","ae","0","-"
3065,"dubai real estate","Google","Related","-","dubai real estate house tour","en","ae","0","-"
3066,"dubai real estate","Google","Related","-","escrow dubai real estate","en","ae","0","-"
3067,"dubai real estate","Google","Related","-","golden visa dubai real estate mortgage","en","ae","0","-"
3068,"dubai real estate","Google","Related","-","dubai real estate investment market growth","en","ae","0","-"
3069,"dubai real estate","Google","Related","-","dubai real estate 2030","en","ae","0","-"
3070,"dubai real estate","Google","Related","-","top nationalities investing in dubai real estate","en","ae","0","-"
3071,"dubai real estate","Google","Related","-","investing in dubai real estate from usa","en","ae","0","-"
3072,"dubai real estate","Google","Related","-","dubai real estate market dubai","en","ae","0","-"
3073,"dubai real estate","Google","Related","-","dubai real estate market increase","en","ae","0","-"
3074,"dubai real estate","Google","Related","-","dubai real estate market overview april 2025","en","ae","0","-"
3075,"dubai real estate","Google","Related","-","dubai real estate market knight frank","en","ae","0","-"
3076,"dubai real estate","Google","Related","-","top agencies in dubai real estate","en","ae","0","-"
3077,"dubai real estate","Google","Related","-","dubai real estate agent exam","en","ae","0","-"
3078,"dubai real estate","Google","Related","-","dubai real estate regulation","en","ae","0","-"
3079,"dubai real estate","Google","Related","-","dubai real estate bubble 2025","en","ae","0","-"
3080,"dubai real estate","Google","Related","-","dubai real estate office sharjah","en","ae","0","-"
3081,"dubai real estate","Google","Related","-","dubai real estate comparison guides","en","ae","0","-"
3082,"dubai real estate","Google","Related","-","market sentiment dubai real estate","en","ae","0","-"
3083,"dubai real estate","Google","Related","-","dubai real estate faqs","en","ae","0","-"
3084,"dubai real estate","Google","Related","-","dubai real estate laws overview","en","ae","0","-"
3085,"dubai real estate","Google","Related","-","inflation hedge dubai real estate","en","ae","0","-"
3086,"dubai real estate","Google","Related","-","dubai real estate 99 years","en","ae","0","-"
3087,"dubai real estate","Google","Related","-","beginner guide dubai real estate","en","ae","0","-"
3088,"dubai real estate","Google","Related","-","dubai real estate demand analysis","en","ae","0","-"
3089,"dubai real estate","Google","Related","-","dubai real estate market down","en","ae","0","-"
3090,"dubai real estate","Google","Related","-","dubai real estate ownership","en","ae","0","-"
3091,"dubai real estate","Google","Related","-","dubai real estate dr anand","en","ae","0","-"
3092,"dubai real estate","Google","Related","-","nitin bhatnagar dubai real estate","en","ae","0","-"
3093,"dubai real estate","Google","Related","-","what is contract a in dubai real estate","en","ae","0","-"
3094,"dubai real estate","Google","Related","-","dubai real estate in 2026","en","ae","0","-"
3095,"dubai real estate","Google","Related","-","dubai real estate land","en","ae","0","-"
3096,"dubai real estate","Google","Related","-","is it worth investing in dubai real estate for indians","en","ae","0","-"
3097,"dubai real estate","Google","Related","-","indian investors in dubai real estate","en","ae","0","-"
3098,"dubai real estate","Google","Related","-","will dubai real estate recovery","en","ae","0","-"
3099,"dubai real estate","Google","Related","-","ripple xrp dubai real estate tokenization","en","ae","0","-"
3100,"dubai real estate","Google","Related","-","dubai real estate iran","en","ae","0","-"
3101,"dubai real estate","Google","Related","-","dubai real estate sales h1 2025","en","ae","0","-"
3102,"dubai real estate","Google","Related","-","latest dubai real estate news","en","ae","0","-"
3103,"dubai real estate","Google","Related","-","can indians invest in dubai real estate","en","ae","0","-"
3104,"dubai real estate","Google","Related","-","dubai real estate heat map","en","ae","0","-"
3105,"dubai real estate","Google","Related","-","dubai real estate centre reviews","en","ae","0","-"
3106,"dubai real estate","Google","Related","-","dubai real estate laws for foreigners","en","ae","0","-"
3107,"dubai real estate","Google","Related","-","dubai real estate kolkata","en","ae","0","-"
3108,"dubai real estate","Google","Related","-","invest in dubai real estate market","en","ae","0","-"
3109,"dubai real estate","Google","Related","-","dubai real estate companies in bangalore","en","ae","0","-"
3110,"dubai real estate","Google","Related","-","dubai real estate brokerage percentage","en","ae","0","-"
3111,"dubai real estate","Google","Related","-","dubai real estate agent wage","en","ae","0","-"
3112,"dubai real estate","Google","Related","-","can us citizens invest in dubai real estate","en","ae","0","-"
3113,"dubai real estate","Google","Related","-","dubai real estate market q2 2024","en","ae","0","-"
3114,"dubai real estate","Google","Related","-","dubai real estate companies share price","en","ae","0","-"
3115,"dubai real estate","Google","Related","-","dubai real estate market prices","en","ae","0","-"
3116,"dubai real estate","Google","Related","-","dubai real estate stock market","en","ae","0","-"
3117,"dubai real estate","Google","Related","-","dubai real estate 1 bedroom apartment","en","ae","0","-"
3118,"dubai real estate","Google","Related","-","dubai real estate agency fees","en","ae","0","-"
3119,"dubai real estate","Google","Related","-","dubai real estate prices historical","en","ae","0","-"
3120,"dubai real estate","Google","Related","-","dubai real estate new projects","en","ae","0","-"
3121,"dubai real estate","Google","Related","-","dubai real estate companies in gurgaon","en","ae","0","-"
3122,"dubai real estate","Google","Related","-","dubai real estate agent certificate","en","ae","0","-"
3123,"dubai real estate","Google","Related","-","dubai real estate comparison","en","ae","0","-"
3124,"dubai real estate","Google","Related","-","work in dubai real estate","en","ae","0","-"
3125,"dubai real estate","Google","Related","-","guaranteed roi dubai real estate","en","ae","0","-"
3126,"dubai real estate","Google","Related","-","dubai real estate agent reality","en","ae","0","-"
3127,"dubai real estate","Google","Related","-","list of dubai real estate developers","en","ae","0","-"
3128,"dubai real estate","Google","Related","-","dubai real estate telegram","en","ae","0","-"
3129,"dubai real estate","Google","Related","-","dubai real estate investment jobs","en","ae","0","-"
3130,"dubai real estate","Google","Related","-","dubai real estate bubble 2026","en","ae","0","-"
3131,"dubai real estate","Google","Related","-","best hashtags for dubai real estate","en","ae","0","-"
3132,"dubai real estate","Google","Related","-","dubai real estate market information","en","ae","0","-"
3133,"dubai real estate","Google","Related","-","how to study dubai real estate market","en","ae","0","-"
3134,"dubai real estate","Google","Related","-","dubai real estate expo brisbane","en","ae","0","-"
3135,"dubai real estate","Google","Related","-","dubai real estate events 2026","en","ae","0","-"
3136,"dubai real estate","Google","Related","-","dubai real estate event in bangkok 2025","en","ae","0","-"
3137,"dubai real estate","Google","Related","-","dubai real estate event london","en","ae","0","-"
3138,"dubai real estate","Google","Related","-","dubai real estate expo madrid","en","ae","0","-"
3139,"dubai real estate","Google","Related","-","lawyer dubai real estate","en","ae","0","-"
3140,"dubai real estate","Google","Related","-","dubai real estate agent on instagram","en","ae","0","-"
3141,"dubai real estate","Google","Related","-","dubai real estate agent day in the life","en","ae","0","-"
3142,"dubai real estate","Google","Related","-","dubai real estate job interview","en","ae","0","-"
3143,"dubai real estate","Google","Related","-","dubai real estate statistics 2025","en","ae","0","-"
3144,"dubai real estate","Google","Related","-","brochure dubai real estate","en","ae","0","-"
3145,"dubai real estate","Google","Related","-","dubai real estate market after attack","en","ae","0","-"
3146,"dubai real estate","Google","Related","-","dubai real estate income","en","ae","0","-"
3147,"dubai real estate","Google","Related","-","dubai real estate went down","en","ae","0","-"
3148,"dubai real estate","Google","Related","-","minimum investment in dubai real estate","en","ae","0","-"
3149,"dubai real estate","Google","Related","-","dubai real estate forecast 2030","en","ae","0","-"
3150,"dubai real estate","Google","Related","-","dubai real estate service","en","ae","0","-"
3151,"dubai real estate","Google","Related","-","dubai real estate cost per leads","en","ae","0","-"
3152,"dubai real estate","Google","Related","-","off plan dubai real estate","en","ae","0","-"
3153,"dubai real estate","Google","Related","-","is dubai real estate dropping","en","ae","0","-"
3154,"dubai real estate","Google","Related","-","stock for dubai real estate","en","ae","0","-"
3155,"dubai real estate","Google","Related","-","will dubai real estate market crash due to war","en","ae","0","-"
3156,"dubai real estate","Google","Related","-","dubai real estate market live chart","en","ae","0","-"
3157,"dubai real estate","Google","Related","-","dubai real estate market index graph","en","ae","0","-"
3158,"dubai real estate","Google","Related","-","dubai real estate market march 2026","en","ae","0","-"
3159,"dubai real estate","Google","Related","-","dubai real estate market live","en","ae","0","-"
3160,"dubai real estate","Google","Related","-","dubai real estate market iran","en","ae","0","-"
3161,"dubai real estate","Google","Related","-","dubai real estate companies in london","en","ae","0","-"
3162,"dubai real estate","Google","Related","-","dubai real estate broker check","en","ae","0","-"
3163,"dubai real estate","Google","Related","-","dubai real estate etf price","en","ae","0","-"
3164,"dubai real estate","Google","Related","-","dubai real estate agent life","en","ae","0","-"
3165,"dubai real estate","Google","Related","-","forbes dubai real estate","en","ae","0","-"
3166,"dubai real estate","Google","Related","-","is dubai real estate growing","en","ae","0","-"
3167,"dubai real estate","Google","Related","-","uk vs dubai real estate","en","ae","0","-"
3168,"dubai real estate","Google","Related","-","dubai real estate in dubai","en","ae","0","-"
3169,"dubai real estate","Google","Related","-","dubai real estate off plan property","en","ae","0","-"
3170,"dubai real estate","Google","Related","-","dubai real estate figures","en","ae","0","-"
3171,"dubai real estate","Google","Related","-","payment plans in dubai real estate","en","ae","0","-"
3172,"dubai real estate","Google","Related","-","dubai real estate job salary","en","ae","0","-"
3173,"dubai real estate","Google","Related","-","why is dubai real estate so cheap","en","ae","0","-"
3174,"dubai real estate","Google","Related","-","dubai real estate business bangla","en","ae","0","-"
3175,"dubai real estate","Google","Related","-","dubai real estate market 2025 hindi","en","ae","0","-"
3176,"dubai real estate","Google","Related","-","dubai real estate listings for sale","en","ae","0","-"
3177,"dubai real estate","Google","Related","-","jvt dubai real estate","en","ae","0","-"
3178,"dubai real estate","Google","Related","-","iran israel war impact on dubai real estate","en","ae","0","-"
3179,"dubai real estate","Google","Related","-","dubai real estate for us citizens","en","ae","0","-"
3180,"dubai real estate","Google","Related","-","dubai real estate form b","en","ae","0","-"
3181,"dubai real estate","Google","Related","-","azizi dubai real estate investment","en","ae","0","-"
3182,"dubai real estate","Google","Related","-","dubai real estate jobs salary per month","en","ae","0","-"
3183,"dubai real estate","Google","Related","-","dubai real estate resume","en","ae","0","-"
3184,"dubai real estate","Google","Related","-","dubai real estate market forecast 2025 pdf","en","ae","0","-"
3185,"dubai real estate","Google","Related","-","dubai real estate market app","en","ae","0","-"
3186,"dubai real estate","Google","Related","-","are dubai real estate prices down","en","ae","0","-"
3187,"dubai real estate","Google","Related","-","dubai real estate escrow","en","ae","0","-"
3188,"dubai real estate","Google","Related","-","dubai real estate famous person","en","ae","0","-"
3189,"dubai real estate","Google","Related","-","dubai real estate brokerage exam","en","ae","0","-"
3190,"dubai real estate","Google","Related","-","get stake dubai real estate","en","ae","0","-"
3191,"dubai real estate","Google","Related","-","dubai real estate market oversupply","en","ae","0","-"
3192,"dubai real estate","Google","Related","-","dubai real estate unplugged","en","ae","0","-"
3193,"dubai real estate","Google","Related","-","dubai real estate future reddit","en","ae","0","-"
3194,"dubai real estate","Bing","Alphabeticals","a","dubai real estate agents","en","ae","5.4K","5.5"
3195,"dubai real estate","Bing","Alphabeticals","a","dubai real estate agencies","en","ae","4.4K","5.24"
3196,"dubai real estate","Bing","Alphabeticals","a","dubai real estate agent license","en","ae","260","2.77"
3197,"dubai real estate","Bing","Alphabeticals","a","dubai real estate agents list","en","ae","210","4.12"
3198,"dubai real estate","Bing","Alphabeticals","a","dubai real estate agent commission","en","ae","50","-"
3199,"dubai real estate","Bing","Alphabeticals","a","dubai real estate app","en","ae","50","4.02"
3200,"dubai real estate","Bing","Alphabeticals","a","dubai real estate analysis","en","ae","30","2.01"
3201,"dubai real estate","Bing","Alphabeticals","a","dubai real estate ads","en","ae","20","-"
3202,"dubai real estate","Bing","Alphabeticals","a","dubai real estate agencies list","en","ae","0","-"
3203,"dubai real estate","Bing","Alphabeticals","a","dubai real estate after war","en","ae","0","-"
3204,"dubai real estate","Bing","Alphabeticals","a","dubai real estate al mina","en","ae","0","-"
3205,"dubai real estate","Bing","Alphabeticals","a","dubai real estate aggregator","en","ae","0","-"
3206,"dubai real estate","Bing","Alphabeticals","b","dubai real estate brokers","en","ae","5.4K","4.79"
3207,"dubai real estate","Bing","Alphabeticals","b","dubai real estate brokerage","en","ae","4.4K","4.25"
3208,"dubai real estate","Bing","Alphabeticals","b","dubai real estate bubble","en","ae","480","8.54"
3209,"dubai real estate","Bing","Alphabeticals","b","dubai real estate buy","en","ae","390","9.52"
3210,"dubai real estate","Bing","Alphabeticals","b","dubai real estate broker license","en","ae","210","5.55"
3211,"dubai real estate","Bing","Alphabeticals","b","dubai real estate brokers list","en","ae","110","2.73"
3212,"dubai real estate","Bing","Alphabeticals","b","dubai real estate blogs","en","ae","30","1.91"
3213,"dubai real estate","Bing","Alphabeticals","b","dubai real estate book","en","ae","20","3.17"
3214,"dubai real estate","Bing","Alphabeticals","b","dubai real estate brochure pdf","en","ae","10","9.62"
3215,"dubai real estate","Bing","Alphabeticals","b","dubai real estate bonds","en","ae","0","-"
3216,"dubai real estate","Bing","Alphabeticals","b","dubai real estate bonds distress","en","ae","0","-"
3217,"dubai real estate","Bing","Alphabeticals","b","dubai real estate broker rera exam course","en","ae","0","-"
3218,"dubai real estate","Bing","Alphabeticals","c","dubai real estate companies","en","ae","5.4K","2.47"
3219,"dubai real estate","Bing","Alphabeticals","c","dubai real estate centre","en","ae","3.6K","1.36"
3220,"dubai real estate","Bing","Alphabeticals","c","dubai real estate corporation","en","ae","720","3.12"
3221,"dubai real estate","Bing","Alphabeticals","c","dubai real estate crash","en","ae","480","8.54"
3222,"dubai real estate","Bing","Alphabeticals","c","dubai real estate companies list","en","ae","390","2.69"
3223,"dubai real estate","Bing","Alphabeticals","c","dubai real estate corporation login","en","ae","50","-"
3224,"dubai real estate","Bing","Alphabeticals","c","dubai real estate chart","en","ae","20","1.21"
3225,"dubai real estate","Bing","Alphabeticals","c","dubai real estate collapse","en","ae","10","-"
3226,"dubai real estate","Bing","Alphabeticals","c","dubai real estate companies jobs","en","ae","10","-"
3227,"dubai real estate","Bing","Alphabeticals","c","dubai real estate cycle","en","ae","0","-"
3228,"dubai real estate","Bing","Alphabeticals","c","dubai real estate current situation","en","ae","0","-"
3229,"dubai real estate","Bing","Alphabeticals","c","dubai real estate centre building","en","ae","0","-"
3230,"dubai real estate","Bing","Alphabeticals","d","dubai real estate developers","en","ae","2.4K","3.57"
3231,"dubai real estate","Bing","Alphabeticals","d","dubai real estate developers list","en","ae","590","2.63"
3232,"dubai real estate","Bing","Alphabeticals","d","dubai real estate data","en","ae","170","3.05"
3233,"dubai real estate","Bing","Alphabeticals","d","dubai real estate database","en","ae","170","3.05"
3234,"dubai real estate","Bing","Alphabeticals","d","dubai real estate department","en","ae","10","-"
3235,"dubai real estate","Bing","Alphabeticals","d","dubai real estate down","en","ae","10","-"
3236,"dubai real estate","Bing","Alphabeticals","d","dubai real estate decline","en","ae","10","-"
3237,"dubai real estate","Bing","Alphabeticals","d","dubai real estate daily transactions","en","ae","0","-"
3238,"dubai real estate","Bing","Alphabeticals","d","dubai real estate developers conference","en","ae","0","-"
3239,"dubai real estate","Bing","Alphabeticals","d","dubai real estate developers conference 2025","en","ae","0","-"
3240,"dubai real estate","Bing","Alphabeticals","e","espace real estate dubai","en","ae","1.0K","4.94"
3241,"dubai real estate","Bing","Alphabeticals","e","eva real estate dubai","en","ae","260","2.09"
3242,"dubai real estate","Bing","Alphabeticals","e","dubai real estate events","en","ae","210","4.6"
3243,"dubai real estate","Bing","Alphabeticals","e","dubai real estate expo","en","ae","40","3.77"
3244,"dubai real estate","Bing","Alphabeticals","e","elite real estate dubai","en","ae","30","-"
3245,"dubai real estate","Bing","Alphabeticals","e","dubai real estate exam","en","ae","10","-"
3246,"dubai real estate","Bing","Alphabeticals","e","dubai real estate etf","en","ae","10","2.28"
3247,"dubai real estate","Bing","Alphabeticals","e","dubai real estate expo 2026","en","ae","0","-"
3248,"dubai real estate","Bing","Alphabeticals","e","dubai real estate establishment","en","ae","0","-"
3249,"dubai real estate","Bing","Alphabeticals","e","dubai real estate expo drex 2026","en","ae","0","-"
3250,"dubai real estate","Bing","Alphabeticals","f","dubai real estate for sale","en","ae","590","5.59"
3251,"dubai real estate","Bing","Alphabeticals","f","dubai map for real estate","en","ae","260","6.53"
3252,"dubai real estate","Bing","Alphabeticals","f","dubai real estate future","en","ae","50","2.68"
3253,"dubai real estate","Bing","Alphabeticals","f","dubai real estate for rent","en","ae","30","-"
3254,"dubai real estate","Bing","Alphabeticals","f","dubai real estate form b","en","ae","0","-"
3255,"dubai real estate","Bing","Alphabeticals","f","dubai real estate financing for foreigners","en","ae","0","-"
3256,"dubai real estate","Bing","Alphabeticals","f","dubai map for real estate agents","en","ae","0","-"
3257,"dubai real estate","Bing","Alphabeticals","f","dubai real estate market forecast 2026","en","ae","0","-"
3258,"dubai real estate","Bing","Alphabeticals","g","guild real estate dubai","en","ae","40","-"
3259,"dubai real estate","Bing","Alphabeticals","g","dubai real estate growth","en","ae","20","-"
3260,"dubai real estate","Bing","Alphabeticals","g","dubai real estate graph","en","ae","20","1.8"
3261,"dubai real estate","Bing","Alphabeticals","g","dubai real estate market graph","en","ae","20","1.95"
3262,"dubai real estate","Bing","Alphabeticals","g","dubai real estate guy","en","ae","0","-"
3263,"dubai real estate","Bing","Alphabeticals","g","dubai real estate growth last 10 years","en","ae","0","-"
3264,"dubai real estate","Bing","Alphabeticals","g","gr8 real estate dubai","en","ae","0","-"
3265,"dubai real estate","Bing","Alphabeticals","g","grid real estate dubai","en","ae","0","-"
3266,"dubai real estate","Bing","Alphabeticals","g","ghaderi real estate dubai","en","ae","0","-"
3267,"dubai real estate","Bing","Alphabeticals","g","dubai gold real estate","en","ae","0","-"
3268,"dubai real estate","Bing","Alphabeticals","h","dubai holding real estate","en","ae","880","4.49"
3269,"dubai real estate","Bing","Alphabeticals","h","harbor real estate dubai","en","ae","110","2.45"
3270,"dubai real estate","Bing","Alphabeticals","h","dubai hills real estate","en","ae","110","2.87"
3271,"dubai real estate","Bing","Alphabeticals","h","dubai holding real estate logo","en","ae","90","-"
3272,"dubai real estate","Bing","Alphabeticals","h","dubai holding real estate careers","en","ae","20","-"
3273,"dubai real estate","Bing","Alphabeticals","h","dubai real estate history","en","ae","10","-"
3274,"dubai real estate","Bing","Alphabeticals","h","dubai holding real estate dhre","en","ae","0","-"
3275,"dubai real estate","Bing","Alphabeticals","h","dubai holding real estate ceo","en","ae","0","-"
3276,"dubai real estate","Bing","Alphabeticals","i","dubai real estate index","en","ae","1.6K","2.56"
3277,"dubai real estate","Bing","Alphabeticals","i","dubai real estate investment","en","ae","1.6K","17.17"
3278,"dubai real estate","Bing","Alphabeticals","i","dubai real estate institute","en","ae","260","2.02"
3279,"dubai real estate","Bing","Alphabeticals","i","dubai real estate institute drei","en","ae","140","1.76"
3280,"dubai real estate","Bing","Alphabeticals","i","dubai real estate index chart","en","ae","140","2.13"
3281,"dubai real estate","Bing","Alphabeticals","i","dubai real estate images","en","ae","40","-"
3282,"dubai real estate","Bing","Alphabeticals","i","dubai real estate ipo","en","ae","10","-"
3283,"dubai real estate","Bing","Alphabeticals","i","dubai real estate institute website","en","ae","10","2.64"
3284,"dubai real estate","Bing","Alphabeticals","i","dubai real estate index tradingview","en","ae","0","-"
3285,"dubai real estate","Bing","Alphabeticals","i","dubai real estate index etf","en","ae","0","-"
3286,"dubai real estate","Bing","Alphabeticals","i","dubai real estate insights","en","ae","0","-"
3287,"dubai real estate","Bing","Alphabeticals","i","dubai real estate index fall 2026","en","ae","0","-"
3288,"dubai real estate","Bing","Alphabeticals","j","dubai real estate jobs","en","ae","880","1.11"
3289,"dubai real estate","Bing","Alphabeticals","j","jscom real estate dubai","en","ae","390","1.3"
3290,"dubai real estate","Bing","Alphabeticals","j","real estate jobs in dubai with salary","en","ae","110","0.65"
3291,"dubai real estate","Bing","Alphabeticals","j","dubai real estate jobs no experience","en","ae","10","-"
3292,"dubai real estate","Bing","Alphabeticals","j","dubai real estate companies jobs","en","ae","10","-"
3293,"dubai real estate","Bing","Alphabeticals","j","jersey real estate dubai","en","ae","10","-"
3294,"dubai real estate","Bing","Alphabeticals","j","jll dubai real estate report","en","ae","0","-"
3295,"dubai real estate","Bing","Alphabeticals","k","dubai real estate knowledge","en","ae","20","1.75"
3296,"dubai real estate","Bing","Alphabeticals","k","dubai real estate kyc form","en","ae","0","-"
3297,"dubai real estate","Bing","Alphabeticals","l","dubai real estate license","en","ae","320","4.49"
3298,"dubai real estate","Bing","Alphabeticals","l","dubai real estate listings","en","ae","90","4.28"
3299,"dubai real estate","Bing","Alphabeticals","l","dubai real estate lawyer","en","ae","70","7.01"
3300,"dubai real estate","Bing","Alphabeticals","l","dubai real estate law","en","ae","70","7.22"
3301,"dubai real estate","Bing","Alphabeticals","l","dubai real estate logo","en","ae","40","-"
3302,"dubai real estate","Bing","Alphabeticals","l","dubai real estate laws and regulations","en","ae","40","-"
3303,"dubai real estate","Bing","Alphabeticals","l","dubai real estate legislation","en","ae","10","-"
3304,"dubai real estate","Bing","Alphabeticals","l","dubai real estate llc","en","ae","10","3.96"
3305,"dubai real estate","Bing","Alphabeticals","l","dubai real estate latest news today","en","ae","0","-"
3306,"dubai real estate","Bing","Alphabeticals","l","dubai real estate login","en","ae","0","-"
3307,"dubai real estate","Bing","Alphabeticals","l","dubai real estate latest update","en","ae","0","-"
3308,"dubai real estate","Bing","Alphabeticals","l","dubai real estate laundering exposed","en","ae","0","-"
3309,"dubai real estate","Bing","Alphabeticals","m","dubai real estate market","en","ae","1.3K","5.02"
3310,"dubai real estate","Bing","Alphabeticals","m","dubai real estate map","en","ae","260","1.78"
3311,"dubai real estate","Bing","Alphabeticals","m","dubai real estate market index","en","ae","90","2.05"
3312,"dubai real estate","Bing","Alphabeticals","m","dubai real estate market news","en","ae","70","2.1"
3313,"dubai real estate","Bing","Alphabeticals","m","dubai real estate market analysis","en","ae","50","2.13"
3314,"dubai real estate","Bing","Alphabeticals","m","dubai real estate market 2026","en","ae","40","3.95"
3315,"dubai real estate","Bing","Alphabeticals","m","dubai real estate market graph","en","ae","20","1.95"
3316,"dubai real estate","Bing","Alphabeticals","m","dubai real estate market chart","en","ae","10","-"
3317,"dubai real estate","Bing","Alphabeticals","m","dubai real estate market overview","en","ae","10","1.81"
3318,"dubai real estate","Bing","Alphabeticals","m","dubai real estate market today","en","ae","10","3.19"
3319,"dubai real estate","Bing","Alphabeticals","m","dubai real estate market update","en","ae","0","-"
3320,"dubai real estate","Bing","Alphabeticals","m","dubai real estate map 2025","en","ae","0","-"
3321,"dubai real estate","Bing","Alphabeticals","n","dubai real estate news","en","ae","2.9K","1.91"
3322,"dubai real estate","Bing","Alphabeticals","n","dubai real estate news today","en","ae","170","2.91"
3323,"dubai real estate","Bing","Alphabeticals","n","dubai real estate market news","en","ae","70","2.1"
3324,"dubai real estate","Bing","Alphabeticals","n","dubai real estate news khaleej times","en","ae","50","2.68"
3325,"dubai real estate","Bing","Alphabeticals","n","dubai real estate net","en","ae","10","-"
3326,"dubai real estate","Bing","Alphabeticals","n","dubai real estate now","en","ae","0","-"
3327,"dubai real estate","Bing","Alphabeticals","n","dubai real estate numbers","en","ae","0","-"
3328,"dubai real estate","Bing","Alphabeticals","n","dubai real estate news 2026","en","ae","0","-"
3329,"dubai real estate","Bing","Alphabeticals","n","dubai real estate news this week","en","ae","0","-"
3330,"dubai real estate","Bing","Alphabeticals","o","orville real estate dubai","en","ae","90","1.93"
3331,"dubai real estate","Bing","Alphabeticals","o","dubai real estate off plan","en","ae","90","6.35"
3332,"dubai real estate","Bing","Alphabeticals","o","dubai holding real estate office","en","ae","70","2.15"
3333,"dubai real estate","Bing","Alphabeticals","o","dubai real estate office","en","ae","50","-"
3334,"dubai real estate","Bing","Alphabeticals","o","dubai real estate outlook","en","ae","20","-"
3335,"dubai real estate","Bing","Alphabeticals","o","dubai real estate overview","en","ae","10","2.5"
3336,"dubai real estate","Bing","Alphabeticals","o","dubai real estate open data","en","ae","0","-"
3337,"dubai real estate","Bing","Alphabeticals","o","dubai real estate overview 2025","en","ae","0","-"
3338,"dubai real estate","Bing","Alphabeticals","o","real estate dubai market overview","en","ae","0","-"
3339,"dubai real estate","Bing","Alphabeticals","p","dubai real estate prices decline","en","ae","720","-"
3340,"dubai real estate","Bing","Alphabeticals","p","dubai real estate prices","en","ae","260","1.97"
3341,"dubai real estate","Bing","Alphabeticals","p","dubai real estate projects","en","ae","210","8.15"
3342,"dubai real estate","Bing","Alphabeticals","p","dubai real estate properties","en","ae","110","5.71"
3343,"dubai real estate","Bing","Alphabeticals","p","dubai real estate project status","en","ae","40","2.81"
3344,"dubai real estate","Bing","Alphabeticals","p","dubai real estate price index","en","ae","40","2.87"
3345,"dubai real estate","Bing","Alphabeticals","p","dubai real estate portal","en","ae","10","3.58"
3346,"dubai real estate","Bing","Alphabeticals","p","dubai real estate projects map","en","ae","0","-"
3347,"dubai real estate","Bing","Alphabeticals","p","dubai real estate pictures","en","ae","0","-"
3348,"dubai real estate","Bing","Alphabeticals","p","dubai real estate pdf","en","ae","0","-"
3349,"dubai real estate","Bing","Alphabeticals","p","dubai real estate predictions 2026","en","ae","0","-"
3350,"dubai real estate","Bing","Alphabeticals","p","dubai real estate platform","en","ae","0","-"
3351,"dubai real estate","Bing","Alphabeticals","q","dubai real estate q1 2026","en","ae","0","-"
3352,"dubai real estate","Bing","Alphabeticals","q","dubai real estate quiz","en","ae","0","-"
3353,"dubai real estate","Bing","Alphabeticals","q","dubai real estate q1","en","ae","0","-"
3354,"dubai real estate","Bing","Alphabeticals","r","dubai real estate reddit","en","ae","320","7.33"
3355,"dubai real estate","Bing","Alphabeticals","r","dubai real estate regulatory agency","en","ae","70","1.18"
3356,"dubai real estate","Bing","Alphabeticals","r","dubai real estate report","en","ae","50","1.6"
3357,"dubai real estate","Bing","Alphabeticals","r","dubai real estate rental","en","ae","30","5.65"
3358,"dubai real estate","Bing","Alphabeticals","r","dubai real estate roi","en","ae","20","2.52"
3359,"dubai real estate","Bing","Alphabeticals","r","dubai real estate returns","en","ae","10","-"
3360,"dubai real estate","Bing","Alphabeticals","r","dubai real estate rules and regulations","en","ae","10","0.86"
3361,"dubai real estate","Bing","Alphabeticals","r","dubai real estate rules","en","ae","0","-"
3362,"dubai real estate","Bing","Alphabeticals","r","dubai real estate rental index","en","ae","0","-"
3363,"dubai real estate","Bing","Alphabeticals","r","dubai real estate resume","en","ae","0","-"
3364,"dubai real estate","Bing","Alphabeticals","r","dubai real estate report 2026","en","ae","0","-"
3365,"dubai real estate","Bing","Alphabeticals","r","dubai real estate regulations","en","ae","0","-"
3366,"dubai real estate","Bing","Alphabeticals","s","dubai real estate sales","en","ae","590","4.34"
3367,"dubai real estate","Bing","Alphabeticals","s","dubai real estate sites","en","ae","260","3.08"
3368,"dubai real estate","Bing","Alphabeticals","s","dubai real estate strategy 2033","en","ae","70","2.88"
3369,"dubai real estate","Bing","Alphabeticals","s","dubai real estate salary","en","ae","40","0.79"
3370,"dubai real estate","Bing","Alphabeticals","s","dubai real estate statistics","en","ae","30","1.65"
3371,"dubai real estate","Bing","Alphabeticals","s","dubai real estate sector strategy 2033","en","ae","20","-"
3372,"dubai real estate","Bing","Alphabeticals","s","dubai real estate stock","en","ae","10","-"
3373,"dubai real estate","Bing","Alphabeticals","s","dubai real estate scam","en","ae","10","-"
3374,"dubai real estate","Bing","Alphabeticals","s","dubai real estate share price","en","ae","10","2.3"
3375,"dubai real estate","Bing","Alphabeticals","s","dubai real estate status","en","ae","0","-"
3376,"dubai real estate","Bing","Alphabeticals","s","dubai real estate situation now","en","ae","0","-"
3377,"dubai real estate","Bing","Alphabeticals","s","dubai real estate shares","en","ae","0","-"
3378,"dubai real estate","Bing","Alphabeticals","t","dubai real estate transactions","en","ae","480","1.49"
3379,"dubai real estate","Bing","Alphabeticals","t","dubai real estate trends","en","ae","70","2.34"
3380,"dubai real estate","Bing","Alphabeticals","t","dubai real estate transactions 2025","en","ae","70","3.15"
3381,"dubai real estate","Bing","Alphabeticals","t","dubai real estate training","en","ae","20","1.45"
3382,"dubai real estate","Bing","Alphabeticals","t","dubai real estate tv show","en","ae","10","-"
3383,"dubai real estate","Bing","Alphabeticals","t","dubai real estate tokenization","en","ae","0","-"
3384,"dubai real estate","Bing","Alphabeticals","t","dubai real estate transactions data","en","ae","0","-"
3385,"dubai real estate","Bing","Alphabeticals","t","dubai real estate terminology","en","ae","0","-"
3386,"dubai real estate","Bing","Alphabeticals","t","dubai real estate trustee center","en","ae","0","-"
3387,"dubai real estate","Bing","Alphabeticals","t","dubai real estate tips","en","ae","0","-"
3388,"dubai real estate","Bing","Alphabeticals","t","dubai real estate transactions today","en","ae","0","-"
3389,"dubai real estate","Bing","Alphabeticals","t","dubai real estate today news","en","ae","0","-"
3390,"dubai real estate","Bing","Alphabeticals","u","dubai real estate update","en","ae","30","-"
3391,"dubai real estate","Bing","Alphabeticals","u","dubai real estate update today","en","ae","0","-"
3392,"dubai real estate","Bing","Alphabeticals","v","dubai real estate video","en","ae","0","-"
3393,"dubai real estate","Bing","Alphabeticals","w","dubai real estate website","en","ae","170","2.53"
3394,"dubai real estate","Bing","Alphabeticals","w","dubai real estate whatsapp group link","en","ae","40","5.62"
3395,"dubai real estate","Bing","Alphabeticals","w","dubai world real estate","en","ae","10","-"
3396,"dubai real estate","Bing","Alphabeticals","w","dubai real estate institute website","en","ae","10","2.64"
3397,"dubai real estate","Bing","Alphabeticals","w","dubai international real estate website","en","ae","10","4.04"
3398,"dubai real estate","Bing","Alphabeticals","w","dubai real estate write for us","en","ae","0","-"
3399,"dubai real estate","Bing","Alphabeticals","w","dubai real estate wallpaper","en","ae","0","-"
3400,"dubai real estate","Bing","Alphabeticals","w","dubai real estate web design company","en","ae","0","-"
3401,"dubai real estate","Bing","Alphabeticals","w","dubai real estate after war","en","ae","0","-"
3402,"dubai real estate","Bing","Numbers","2","dubai real estate market forecast 2025","en","ae","210","4.93"
3403,"dubai real estate","Bing","Numbers","2","dubai real estate transactions 2025","en","ae","70","3.15"
3404,"dubai real estate","Bing","Numbers","2","dubai real estate market forecast 2030","en","ae","40","1.27"
3405,"dubai real estate","Bing","Numbers","2","dubai real estate market 2025","en","ae","40","3.03"
3406,"dubai real estate","Bing","Numbers","2","dubai real estate market 2026","en","ae","40","3.95"
3407,"dubai real estate","Bing","Numbers","2","dubai real estate 2026","en","ae","10","-"
3408,"dubai real estate","Bing","Numbers","2","dubai real estate 2025","en","ae","0","-"
3409,"dubai real estate","Bing","Numbers","2","dubai real estate market forecast 2026","en","ae","0","-"
3410,"dubai real estate","Bing","Numbers","2","dubai real estate map 2025","en","ae","0","-"
3411,"dubai real estate","Bing","Numbers","2","dubai real estate predictions 2026","en","ae","0","-"
3412,"dubai real estate","Bing","Numbers","4","al ferdous 4 dubai real estate centre","en","ae","1.9K","-"
3413,"dubai real estate","Bing","Numbers","4","homes 4 life real estate dubai","en","ae","170","3.65"
3414,"dubai real estate","Bing","Numbers","4","4 direction real estate dubai","en","ae","0","-"
3415,"dubai real estate","Bing","Numbers","7","72 real estate dubai","en","ae","0","-"
3416,"dubai real estate","Bing","Prepositions","for","dubai real estate for sale","en","ae","590","5.59"
3417,"dubai real estate","Bing","Prepositions","for","dubai map for real estate","en","ae","260","6.53"
3418,"dubai real estate","Bing","Prepositions","for","dubai real estate for rent","en","ae","30","-"
3419,"dubai real estate","Bing","Prepositions","for","dubai map for real estate agents","en","ae","0","-"
3420,"dubai real estate","Bing","Prepositions","for","dubai map for real estate pdf","en","ae","0","-"
3421,"dubai real estate","Bing","Prepositions","for","dubai real estate financing for foreigners","en","ae","0","-"
3422,"dubai real estate","Bing","Questions","how","how dubai real estate works","en","ae","10","-"
3423,"dubai real estate","Bing","Questions","when","when will dubai real estate crash","en","ae","10","-"
3424,"dubai real estate","Bing","Questions","why","why to invest in dubai real estate","en","ae","70","1.89"
3425,"dubai real estate","Bing","Questions","why","why dubai real estate is booming","en","ae","10","1.68"
3426,"dubai real estate","Bing","Questions","why","why should you invest in dubai real estate","en","ae","10","2.26"
3427,"dubai real estate","Bing","Questions","why","why should i invest in dubai real estate","en","ae","0","-"
3428,"dubai real estate","Bing","Questions","will","when will dubai real estate crash","en","ae","10","-"
3429,"dubai real estate","YouTube","Alphabeticals","a","dubai real estate agent","en","ae","4.4K","4.25"
3430,"dubai real estate","YouTube","Alphabeticals","a","dubai real estate agent commission","en","ae","50","-"
3431,"dubai real estate","YouTube","Alphabeticals","a","dubai real estate app","en","ae","50","4.02"
3432,"dubai real estate","YouTube","Alphabeticals","a","dubai real estate analysis","en","ae","30","2.01"
3433,"dubai real estate","YouTube","Alphabeticals","a","dubai real estate ads","en","ae","20","-"
3434,"dubai real estate","YouTube","Alphabeticals","a","dubai real estate agent training","en","ae","10","1.45"
3435,"dubai real estate","YouTube","Alphabeticals","a","dubai real estate agent course","en","ae","10","1.49"
3436,"dubai real estate","YouTube","Alphabeticals","a","dubai real estate agent reality","en","ae","0","-"
3437,"dubai real estate","YouTube","Alphabeticals","a","dubai real estate areas","en","ae","0","-"
3438,"dubai real estate","YouTube","Alphabeticals","a","dubai real estate agent life","en","ae","0","-"
3439,"dubai real estate","YouTube","Alphabeticals","a","dubai real estate agent podcast","en","ae","0","-"
3440,"dubai real estate","YouTube","Alphabeticals","a","dubai real estate agent malayalam","en","ae","0","-"
3441,"dubai real estate","YouTube","Alphabeticals","a","dubai real estate agent interview","en","ae","0","-"
3442,"dubai real estate","YouTube","Alphabeticals","a","dubai real estate agent tamil","en","ae","0","-"
3443,"dubai real estate","YouTube","Alphabeticals","a","dubai real estate agent job","en","ae","0","-"
3444,"dubai real estate","YouTube","Alphabeticals","b","dubai real estate broker","en","ae","4.4K","4.25"
3445,"dubai real estate","YouTube","Alphabeticals","b","dubai real estate brokerage","en","ae","4.4K","4.25"
3446,"dubai real estate","YouTube","Alphabeticals","b","dubai real estate bubble","en","ae","480","8.54"
3447,"dubai real estate","YouTube","Alphabeticals","b","dubai real estate broker license","en","ae","210","5.55"
3448,"dubai real estate","YouTube","Alphabeticals","b","dubai real estate business","en","ae","170","8.11"
3449,"dubai real estate","YouTube","Alphabeticals","b","dubai real estate blog","en","ae","30","2.84"
3450,"dubai real estate","YouTube","Alphabeticals","b","dubai real estate building","en","ae","20","4.69"
3451,"dubai real estate","YouTube","Alphabeticals","b","dubai real estate basics","en","ae","0","-"
3452,"dubai real estate","YouTube","Alphabeticals","b","dubai real estate business malayalam","en","ae","0","-"
3453,"dubai real estate","YouTube","Alphabeticals","b","dubai real estate broker interview","en","ae","0","-"
3454,"dubai real estate","YouTube","Alphabeticals","b","dubai real estate billionaire","en","ae","0","-"
3455,"dubai real estate","YouTube","Alphabeticals","b","dubai real estate business bangla","en","ae","0","-"
3456,"dubai real estate","YouTube","Alphabeticals","b","dubai real estate business tamil","en","ae","0","-"
3457,"dubai real estate","YouTube","Alphabeticals","b","dubai real estate bangla","en","ae","0","-"
3458,"dubai real estate","YouTube","Alphabeticals","b","dubai real estate businessman","en","ae","0","-"
3459,"dubai real estate","YouTube","Alphabeticals","c","dubai real estate company","en","ae","6.6K","4.11"
3460,"dubai real estate","YouTube","Alphabeticals","c","dubai real estate career","en","ae","880","0.31"
3461,"dubai real estate","YouTube","Alphabeticals","c","dubai real estate crash","en","ae","480","8.54"
3462,"dubai real estate","YouTube","Alphabeticals","c","dubai real estate course","en","ae","260","2.41"
3463,"dubai real estate","YouTube","Alphabeticals","c","dubai real estate commission","en","ae","70","-"
3464,"dubai real estate","YouTube","Alphabeticals","c","dubai real estate crowdfunding","en","ae","30","3.73"
3465,"dubai real estate","YouTube","Alphabeticals","c","dubai real estate crash 2025","en","ae","10","-"
3466,"dubai real estate","YouTube","Alphabeticals","c","dubai real estate collapse","en","ae","10","-"
3467,"dubai real estate","YouTube","Alphabeticals","c","dubai real estate crypto","en","ae","10","-"
3468,"dubai real estate","YouTube","Alphabeticals","c","dubai real estate correction","en","ae","0","-"
3469,"dubai real estate","YouTube","Alphabeticals","c","dubai real estate calling","en","ae","0","-"
3470,"dubai real estate","YouTube","Alphabeticals","c","dubai real estate content","en","ae","0","-"
3471,"dubai real estate","YouTube","Alphabeticals","c","dubai real estate cinematic video","en","ae","0","-"
3472,"dubai real estate","YouTube","Alphabeticals","c","dubai real estate commercial","en","ae","0","-"
3473,"dubai real estate","YouTube","Alphabeticals","c","dubai real estate cinematic","en","ae","0","-"
3474,"dubai real estate","YouTube","Alphabeticals","d","dubai real estate developer","en","ae","2.9K","5.49"
3475,"dubai real estate","YouTube","Alphabeticals","d","downtown dubai real estate","en","ae","110","4.61"
3476,"dubai real estate","YouTube","Alphabeticals","d","dacha real estate dubai","en","ae","40","3.93"
3477,"dubai real estate","YouTube","Alphabeticals","d","dubai real estate down","en","ae","10","-"
3478,"dubai real estate","YouTube","Alphabeticals","d","dubai real estate decline","en","ae","10","-"
3479,"dubai real estate","YouTube","Alphabeticals","d","abu dhabi vs dubai real estate","en","ae","10","-"
3480,"dubai real estate","YouTube","Alphabeticals","d","dubai real estate dr anand","en","ae","0","-"
3481,"dubai real estate","YouTube","Alphabeticals","d","dubai real estate documentary","en","ae","0","-"
3482,"dubai real estate","YouTube","Alphabeticals","d","dubai real estate digital marketing","en","ae","0","-"
3483,"dubai real estate","YouTube","Alphabeticals","d","dubai real estate day in the life","en","ae","0","-"
3484,"dubai real estate","YouTube","Alphabeticals","d","dubai real estate dark side","en","ae","0","-"
3485,"dubai real estate","YouTube","Alphabeticals","d","dubai real estate danube","en","ae","0","-"
3486,"dubai real estate","YouTube","Alphabeticals","d","dubai real estate damac","en","ae","0","-"
3487,"dubai real estate","YouTube","Alphabeticals","d","dubai real estate agent day in the life","en","ae","0","-"
3488,"dubai real estate","YouTube","Alphabeticals","d","how does dubai real estate work","en","ae","0","-"
3489,"dubai real estate","YouTube","Alphabeticals","e","empire real estate dubai","en","ae","110","3.65"
3490,"dubai real estate","YouTube","Alphabeticals","e","dubai real estate expo","en","ae","40","3.77"
3491,"dubai real estate","YouTube","Alphabeticals","e","dubai real estate exam","en","ae","10","-"
3492,"dubai real estate","YouTube","Alphabeticals","e","real estate en dubai","en","ae","10","-"
3493,"dubai real estate","YouTube","Alphabeticals","e","emaar dubai real estate","en","ae","10","5.46"
3494,"dubai real estate","YouTube","Alphabeticals","e","dubai real estate explained","en","ae","0","-"
3495,"dubai real estate","YouTube","Alphabeticals","e","dubai real estate earnings","en","ae","0","-"
3496,"dubai real estate","YouTube","Alphabeticals","e","dubai real estate everything you need to know","en","ae","0","-"
3497,"dubai real estate","YouTube","Alphabeticals","e","dubai real estate english","en","ae","0","-"
3498,"dubai real estate","YouTube","Alphabeticals","e","dubai real estate event","en","ae","0","-"
3499,"dubai real estate","YouTube","Alphabeticals","e","dubai real estate explained for beginners","en","ae","0","-"
3500,"dubai real estate","YouTube","Alphabeticals","e","dubai real estate market explained","en","ae","0","-"
3501,"dubai real estate","YouTube","Alphabeticals","e","dubai real estate agent earnings","en","ae","0","-"
3502,"dubai real estate","YouTube","Alphabeticals","e","dubai real estate map fully explained","en","ae","0","-"
3503,"dubai real estate","YouTube","Alphabeticals","e","expo city dubai real estate","en","ae","0","-"
3504,"dubai real estate","YouTube","Alphabeticals","f","dubai real estate for sale","en","ae","590","5.59"
3505,"dubai real estate","YouTube","Alphabeticals","f","dubai real estate forecast","en","ae","50","1.93"
3506,"dubai real estate","YouTube","Alphabeticals","f","dubai real estate future","en","ae","50","2.68"
3507,"dubai real estate","YouTube","Alphabeticals","f","dubai real estate market forecast","en","ae","30","7.45"
3508,"dubai real estate","YouTube","Alphabeticals","f","farooq dubai real estate","en","ae","10","-"
3509,"dubai real estate","YouTube","Alphabeticals","f","dubai real estate for beginners","en","ae","0","-"
3510,"dubai real estate","YouTube","Alphabeticals","f","dubai real estate full course","en","ae","0","-"
3511,"dubai real estate","YouTube","Alphabeticals","f","dubai real estate flipping","en","ae","0","-"
3512,"dubai real estate","YouTube","Alphabeticals","f","dubai real estate for indians","en","ae","0","-"
3513,"dubai real estate","YouTube","Alphabeticals","f","dubai real estate facebook ads","en","ae","0","-"
3514,"dubai real estate","YouTube","Alphabeticals","f","dubai real estate investment from india","en","ae","0","-"
3515,"dubai real estate","YouTube","Alphabeticals","f","dubai real estate map fully explained","en","ae","0","-"
3516,"dubai real estate","YouTube","Alphabeticals","f","dubai real estate market future","en","ae","0","-"
3517,"dubai real estate","YouTube","Alphabeticals","f","dubai real estate explained for beginners","en","ae","0","-"
3518,"dubai real estate","YouTube","Alphabeticals","f","dubai real estate myths vs facts","en","ae","0","-"
3519,"dubai real estate","YouTube","Alphabeticals","g","grit real estate dubai","en","ae","70","-"
3520,"dubai real estate","YouTube","Alphabeticals","g","dubai real estate growth","en","ae","20","-"
3521,"dubai real estate","YouTube","Alphabeticals","g","dubai real estate guide","en","ae","10","-"
3522,"dubai real estate","YouTube","Alphabeticals","g","gorilla real estate dubai","en","ae","10","-"
3523,"dubai real estate","YouTube","Alphabeticals","g","dubai real estate golden visa","en","ae","10","4.76"
3524,"dubai real estate","YouTube","Alphabeticals","g","dubai real estate google ads","en","ae","0","-"
3525,"dubai real estate","YouTube","Alphabeticals","g","dubai real estate girl","en","ae","0","-"
3526,"dubai real estate","YouTube","Alphabeticals","g","dubai real estate goldmine","en","ae","0","-"
3527,"dubai real estate","YouTube","Alphabeticals","g","hamed ghelichkhani training dubai real estate agents","en","ae","0","-"
3528,"dubai real estate","YouTube","Alphabeticals","g","how to get dubai real estate license","en","ae","0","-"
3529,"dubai real estate","YouTube","Alphabeticals","h","dubai holding real estate","en","ae","880","4.49"
3530,"dubai real estate","YouTube","Alphabeticals","h","dubai hills real estate","en","ae","110","2.87"
3531,"dubai real estate","YouTube","Alphabeticals","h","dubai creek harbour real estate","en","ae","30","2.67"
3532,"dubai real estate","YouTube","Alphabeticals","h","dubai real estate history","en","ae","10","-"
3533,"dubai real estate","YouTube","Alphabeticals","h","dubai real estate house","en","ae","10","-"
3534,"dubai real estate","YouTube","Alphabeticals","h","how dubai real estate works","en","ae","10","-"
3535,"dubai real estate","YouTube","Alphabeticals","h","dubai real estate hindi","en","ae","0","-"
3536,"dubai real estate","YouTube","Alphabeticals","h","dubai real estate hype","en","ae","0","-"
3537,"dubai real estate","YouTube","Alphabeticals","h","dubai real estate house tour","en","ae","0","-"
3538,"dubai real estate","YouTube","Alphabeticals","h","dubai real estate training in hindi","en","ae","0","-"
3539,"dubai real estate","YouTube","Alphabeticals","h","dubai real estate market 2025 hindi","en","ae","0","-"
3540,"dubai real estate","YouTube","Alphabeticals","h","real estate hiring dubai","en","ae","0","-"
3541,"dubai real estate","YouTube","Alphabeticals","h","dubai map for real estate in hindi","en","ae","0","-"
3542,"dubai real estate","YouTube","Alphabeticals","h","how to become dubai real estate agent","en","ae","0","-"
3543,"dubai real estate","YouTube","Alphabeticals","h","how to sell dubai real estate","en","ae","0","-"
3544,"dubai real estate","YouTube","Alphabeticals","i","dubai real estate investing","en","ae","1.6K","17.17"
3545,"dubai real estate","YouTube","Alphabeticals","i","dubai real estate institute","en","ae","260","2.02"
3546,"dubai real estate","YouTube","Alphabeticals","i","dubai real estate investment app","en","ae","20","8.34"
3547,"dubai real estate","YouTube","Alphabeticals","i","dubai real estate interview","en","ae","10","-"
3548,"dubai real estate","YouTube","Alphabeticals","i","dubai real estate investment malayalam","en","ae","0","-"
3549,"dubai real estate","YouTube","Alphabeticals","i","dubai real estate insights","en","ae","0","-"
3550,"dubai real estate","YouTube","Alphabeticals","i","dubai real estate investment tamil","en","ae","0","-"
3551,"dubai real estate","YouTube","Alphabeticals","i","dubai real estate in tamil","en","ae","0","-"
3552,"dubai real estate","YouTube","Alphabeticals","i","dubai real estate influencer","en","ae","0","-"
3553,"dubai real estate","YouTube","Alphabeticals","i","dubai real estate in hindi","en","ae","0","-"
3554,"dubai real estate","YouTube","Alphabeticals","i","dubai real estate in malayalam","en","ae","0","-"
3555,"dubai real estate","YouTube","Alphabeticals","i","dubai real estate in 2026","en","ae","0","-"
3556,"dubai real estate","YouTube","Alphabeticals","i","dubai real estate income","en","ae","0","-"
3557,"dubai real estate","YouTube","Alphabeticals","i","dubai real estate issues","en","ae","0","-"
3558,"dubai real estate","YouTube","Alphabeticals","i","dubai real estate investor","en","ae","0","-"
3559,"dubai real estate","YouTube","Alphabeticals","j","dubai real estate jobs","en","ae","880","1.11"
3560,"dubai real estate","YouTube","Alphabeticals","j","palm jumeirah dubai real estate","en","ae","210","6.12"
3561,"dubai real estate","YouTube","Alphabeticals","j","dubai me real estate job kaise paye","en","ae","10","-"
3562,"dubai real estate","YouTube","Alphabeticals","j","real estate jobs in dubai salary","en","ae","10","-"
3563,"dubai real estate","YouTube","Alphabeticals","j","dubai real estate job malayalam","en","ae","0","-"
3564,"dubai real estate","YouTube","Alphabeticals","j","dubai real estate jobs tamil","en","ae","0","-"
3565,"dubai real estate","YouTube","Alphabeticals","j","dubai real estate job interview","en","ae","0","-"
3566,"dubai real estate","YouTube","Alphabeticals","j","jlt dubai real estate","en","ae","0","-"
3567,"dubai real estate","YouTube","Alphabeticals","j","jean dubai real estate","en","ae","0","-"
3568,"dubai real estate","YouTube","Alphabeticals","j","jordan smith dubai real estate","en","ae","0","-"
3569,"dubai real estate","YouTube","Alphabeticals","j","al jaddaf dubai real estate","en","ae","0","-"
3570,"dubai real estate","YouTube","Alphabeticals","k","dubai real estate knowledge","en","ae","20","1.75"
3571,"dubai real estate","YouTube","Alphabeticals","k","dubai mein real estate ka business kaise kare","en","ae","10","-"
3572,"dubai real estate","YouTube","Alphabeticals","k","dubai me real estate business kaise kare","en","ae","10","-"
3573,"dubai real estate","YouTube","Alphabeticals","k","dubai me real estate job kaise paye","en","ae","10","-"
3574,"dubai real estate","YouTube","Alphabeticals","k","dubai real estate kannada","en","ae","0","-"
3575,"dubai real estate","YouTube","Alphabeticals","k","dubai real estate king","en","ae","0","-"
3576,"dubai real estate","YouTube","Alphabeticals","k","dubai mein real estate ka business kaise shuru karen","en","ae","0","-"
3577,"dubai real estate","YouTube","Alphabeticals","k","dubai mein real estate ka kam kaise kare","en","ae","0","-"
3578,"dubai real estate","YouTube","Alphabeticals","k","dubai real estate market knowledge","en","ae","0","-"
3579,"dubai real estate","YouTube","Alphabeticals","k","kamil dubai real estate","en","ae","0","-"
3580,"dubai real estate","YouTube","Alphabeticals","k","kudrat dubai real estate","en","ae","0","-"
3581,"dubai real estate","YouTube","Alphabeticals","k","dubai ki real estate","en","ae","0","-"
3582,"dubai real estate","YouTube","Alphabeticals","k","manpreet kaur dubai real estate","en","ae","0","-"
3583,"dubai real estate","YouTube","Alphabeticals","k","arman kabir dubai real estate","en","ae","0","-"
3584,"dubai real estate","YouTube","Alphabeticals","k","wali khan dubai real estate","en","ae","0","-"
3585,"dubai real estate","YouTube","Alphabeticals","l","dubai real estate luxury","en","ae","1.3K","4.98"
3586,"dubai real estate","YouTube","Alphabeticals","l","real estate lawyer in dubai","en","ae","590","22.35"
3587,"dubai real estate","YouTube","Alphabeticals","l","dubai real estate license","en","ae","320","4.49"
3588,"dubai real estate","YouTube","Alphabeticals","l","dubai real estate broker license","en","ae","210","5.55"
3589,"dubai real estate","YouTube","Alphabeticals","l","dubai real estate latest news","en","ae","140","1.62"
3590,"dubai real estate","YouTube","Alphabeticals","l","dubai real estate laws and regulations","en","ae","40","-"
3591,"dubai real estate","YouTube","Alphabeticals","l","learn dubai real estate","en","ae","10","-"
3592,"dubai real estate","YouTube","Alphabeticals","l","dubai real estate location","en","ae","0","-"
3593,"dubai real estate","YouTube","Alphabeticals","l","dubai real estate life","en","ae","0","-"
3594,"dubai real estate","YouTube","Alphabeticals","l","dubai real estate launch","en","ae","0","-"
3595,"dubai real estate","YouTube","Alphabeticals","l","dubai real estate loan","en","ae","0","-"
3596,"dubai real estate","YouTube","Alphabeticals","l","dubai real estate agent life","en","ae","0","-"
3597,"dubai real estate","YouTube","Alphabeticals","l","dubai real estate agency launching video","en","ae","0","-"
3598,"dubai real estate","YouTube","Alphabeticals","l","lovekesh dubai real estate","en","ae","0","-"
3599,"dubai real estate","YouTube","Alphabeticals","l","dubai real estate day in the life","en","ae","0","-"
3600,"dubai real estate","YouTube","Alphabeticals","m","dubai real estate market","en","ae","1.3K","5.02"
3601,"dubai real estate","YouTube","Alphabeticals","m","dubai real estate map","en","ae","260","1.78"
3602,"dubai real estate","YouTube","Alphabeticals","m","dubai real estate market analysis","en","ae","50","2.13"
3603,"dubai real estate","YouTube","Alphabeticals","m","dubai real estate market 2025","en","ae","40","3.03"
3604,"dubai real estate","YouTube","Alphabeticals","m","dubai real estate market 2026","en","ae","40","3.95"
3605,"dubai real estate","YouTube","Alphabeticals","m","dubai real estate market crash","en","ae","30","-"
3606,"dubai real estate","YouTube","Alphabeticals","m","dubai real estate market forecast","en","ae","30","7.45"
3607,"dubai real estate","YouTube","Alphabeticals","m","dubai real estate malayalam","en","ae","10","-"
3608,"dubai real estate","YouTube","Alphabeticals","m","dubai real estate market bubble","en","ae","10","-"
3609,"dubai real estate","YouTube","Alphabeticals","m","dubai real estate market 2025 malayalam","en","ae","0","-"
3610,"dubai real estate","YouTube","Alphabeticals","m","dubai real estate market update","en","ae","0","-"
3611,"dubai real estate","YouTube","Alphabeticals","m","dubai real estate map fully explained","en","ae","0","-"
3612,"dubai real estate","YouTube","Alphabeticals","m","dubai real estate market training","en","ae","0","-"
3613,"dubai real estate","YouTube","Alphabeticals","m","dubai real estate market 2025 tamil","en","ae","0","-"
3614,"dubai real estate","YouTube","Alphabeticals","m","dubai real estate market 2025 hindi","en","ae","0","-"
3615,"dubai real estate","YouTube","Alphabeticals","n","dubai real estate news","en","ae","2.9K","1.91"
3616,"dubai real estate","YouTube","Alphabeticals","n","dubai real estate latest news","en","ae","140","1.62"
3617,"dubai real estate","YouTube","Alphabeticals","n","dubai real estate market news","en","ae","70","2.1"
3618,"dubai real estate","YouTube","Alphabeticals","n","dubai real estate nerd","en","ae","10","-"
3619,"dubai real estate","YouTube","Alphabeticals","n","dubai real estate nepali","en","ae","0","-"
3620,"dubai real estate","YouTube","Alphabeticals","n","dubai real estate everything you need to know","en","ae","0","-"
3621,"dubai real estate","YouTube","Alphabeticals","n","dubai new real estate","en","ae","0","-"
3622,"dubai real estate","YouTube","Alphabeticals","o","dubai real estate off plan","en","ae","90","6.35"
3623,"dubai real estate","YouTube","Alphabeticals","o","dubai real estate office","en","ae","50","-"
3624,"dubai real estate","YouTube","Alphabeticals","o","future of dubai real estate","en","ae","40","2.57"
3625,"dubai real estate","YouTube","Alphabeticals","o","dubai real estate outlook","en","ae","20","-"
3626,"dubai real estate","YouTube","Alphabeticals","o","dubai real estate oversupply","en","ae","10","-"
3627,"dubai real estate","YouTube","Alphabeticals","o","dubai real estate owner","en","ae","10","-"
3628,"dubai real estate","YouTube","Alphabeticals","o","dubai real estate opportunities","en","ae","10","-"
3629,"dubai real estate","YouTube","Alphabeticals","o","reality of dubai real estate","en","ae","10","-"
3630,"dubai real estate","YouTube","Alphabeticals","o","vivek oberoi dubai real estate","en","ae","10","-"
3631,"dubai real estate","YouTube","Alphabeticals","o","dubai real estate overview","en","ae","10","2.5"
3632,"dubai real estate","YouTube","Alphabeticals","o","olga dubai real estate","en","ae","0","-"
3633,"dubai real estate","YouTube","Alphabeticals","o","how to invest in dubai real estate online","en","ae","0","-"
3634,"dubai real estate","YouTube","Alphabeticals","o","basics of dubai real estate","en","ae","0","-"
3635,"dubai real estate","YouTube","Alphabeticals","o","history of dubai real estate","en","ae","0","-"
3636,"dubai real estate","YouTube","Alphabeticals","o","real estate office tour dubai","en","ae","0","-"
3637,"dubai real estate","YouTube","Alphabeticals","p","dubai real estate prices","en","ae","260","1.97"
3638,"dubai real estate","YouTube","Alphabeticals","p","dubai real estate projects","en","ae","210","8.15"
3639,"dubai real estate","YouTube","Alphabeticals","p","dubai real estate property","en","ae","110","4.84"
3640,"dubai real estate","YouTube","Alphabeticals","p","dubai real estate photography","en","ae","70","2.59"
3641,"dubai real estate","YouTube","Alphabeticals","p","dubai real estate podcast","en","ae","10","-"
3642,"dubai real estate","YouTube","Alphabeticals","p","dubai real estate portfolio","en","ae","10","-"
3643,"dubai real estate","YouTube","Alphabeticals","p","dubai real estate problem","en","ae","10","-"
3644,"dubai real estate","YouTube","Alphabeticals","p","dubai real estate payment plan","en","ae","10","6.3"
3645,"dubai real estate","YouTube","Alphabeticals","p","dubai real estate philosophy","en","ae","0","-"
3646,"dubai real estate","YouTube","Alphabeticals","p","dubai real estate promo","en","ae","0","-"
3647,"dubai real estate","YouTube","Alphabeticals","p","dubai real estate presentation","en","ae","0","-"
3648,"dubai real estate","YouTube","Alphabeticals","p","dubai real estate process","en","ae","0","-"
3649,"dubai real estate","YouTube","Alphabeticals","p","dubai real estate punjabi","en","ae","0","-"
3650,"dubai real estate","YouTube","Alphabeticals","p","dubai real estate promo video","en","ae","0","-"
3651,"dubai real estate","YouTube","Alphabeticals","p","dubai real estate profit","en","ae","0","-"
3652,"dubai real estate","YouTube","Alphabeticals","r","dubai real estate rent","en","ae","40","1.05"
3653,"dubai real estate","YouTube","Alphabeticals","r","dubai real estate rentals","en","ae","40","1.51"
3654,"dubai real estate","YouTube","Alphabeticals","r","dubai real estate roi","en","ae","20","2.52"
3655,"dubai real estate","YouTube","Alphabeticals","r","dubai real estate reality","en","ae","10","-"
3656,"dubai real estate","YouTube","Alphabeticals","r","dubai real estate returns","en","ae","10","-"
3657,"dubai real estate","YouTube","Alphabeticals","r","is dubai real estate really a goldmine","en","ae","10","-"
3658,"dubai real estate","YouTube","Alphabeticals","r","dubai real estate reels","en","ae","0","-"
3659,"dubai real estate","YouTube","Alphabeticals","r","dubai real estate rules","en","ae","0","-"
3660,"dubai real estate","YouTube","Alphabeticals","r","dubai real estate rental income","en","ae","0","-"
3661,"dubai real estate","YouTube","Alphabeticals","r","dubai real estate russian","en","ae","0","-"
3662,"dubai real estate","YouTube","Alphabeticals","r","dubai real estate raj shamani","en","ae","0","-"
3663,"dubai real estate","YouTube","Alphabeticals","r","dubai real estate risks","en","ae","0","-"
3664,"dubai real estate","YouTube","Alphabeticals","r","stake dubai real estate review","en","ae","0","-"
3665,"dubai real estate","YouTube","Alphabeticals","r","dubai real estate agent reality","en","ae","0","-"
3666,"dubai real estate","YouTube","Alphabeticals","r","dubai real estate jobs reality","en","ae","0","-"
3667,"dubai real estate","YouTube","Alphabeticals","s","dubai real estate sales","en","ae","590","4.34"
3668,"dubai real estate","YouTube","Alphabeticals","s","dubai real estate salary","en","ae","40","0.79"
3669,"dubai real estate","YouTube","Alphabeticals","s","dubai real estate show","en","ae","30","2"
3670,"dubai real estate","YouTube","Alphabeticals","s","dubai real estate slowdown","en","ae","10","-"
3671,"dubai real estate","YouTube","Alphabeticals","s","dubai real estate scams","en","ae","10","-"
3672,"dubai real estate","YouTube","Alphabeticals","s","dubai real estate sales training","en","ae","0","-"
3673,"dubai real estate","YouTube","Alphabeticals","s","dubai real estate sales pitch","en","ae","0","-"
3674,"dubai real estate","YouTube","Alphabeticals","s","dubai real estate secondary market","en","ae","0","-"
3675,"dubai real estate","YouTube","Alphabeticals","s","dubai real estate stock video","en","ae","0","-"
3676,"dubai real estate","YouTube","Alphabeticals","s","dubai real estate sinhala","en","ae","0","-"
3677,"dubai real estate","YouTube","Alphabeticals","s","dubai real estate success story","en","ae","0","-"
3678,"dubai real estate","YouTube","Alphabeticals","s","dubai real estate shorts","en","ae","0","-"
3679,"dubai real estate","YouTube","Alphabeticals","s","dubai real estate study","en","ae","0","-"
3680,"dubai real estate","YouTube","Alphabeticals","s","dubai real estate sales interview","en","ae","0","-"
3681,"dubai real estate","YouTube","Alphabeticals","t","dubai real estate training","en","ae","20","1.45"
3682,"dubai real estate","YouTube","Alphabeticals","t","dubai real estate tamil","en","ae","10","-"
3683,"dubai real estate","YouTube","Alphabeticals","t","dubai real estate telugu","en","ae","10","-"
3684,"dubai real estate","YouTube","Alphabeticals","t","dubai real estate tour","en","ae","10","-"
3685,"dubai real estate","YouTube","Alphabeticals","t","dubai real estate training in hindi","en","ae","0","-"
3686,"dubai real estate","YouTube","Alphabeticals","t","dubai real estate tips","en","ae","0","-"
3687,"dubai real estate","YouTube","Alphabeticals","t","dubai real estate think school","en","ae","0","-"
3688,"dubai real estate","YouTube","Alphabeticals","t","dubai real estate truth","en","ae","0","-"
3689,"dubai real estate","YouTube","Alphabeticals","t","dubai real estate teaser","en","ae","0","-"
3690,"dubai real estate","YouTube","Alphabeticals","t","dubai real estate tokenization","en","ae","0","-"
3691,"dubai real estate","YouTube","Alphabeticals","t","dubai real estate tycoon","en","ae","0","-"
3692,"dubai real estate","YouTube","Alphabeticals","t","dubai real estate jobs tamil","en","ae","0","-"
3693,"dubai real estate","YouTube","Alphabeticals","t","dubai real estate business tamil","en","ae","0","-"
3694,"dubai real estate","YouTube","Alphabeticals","t","dubai real estate agent tamil","en","ae","0","-"
3695,"dubai real estate","YouTube","Alphabeticals","t","dubai real estate agent truth","en","ae","0","-"
3696,"dubai real estate","YouTube","Alphabeticals","u","dubai real estate update","en","ae","30","-"
3697,"dubai real estate","YouTube","Alphabeticals","u","understanding dubai real estate","en","ae","10","-"
3698,"dubai real estate","YouTube","Alphabeticals","u","dubai real estate unplugged","en","ae","0","-"
3699,"dubai real estate","YouTube","Alphabeticals","u","dubai real estate market update","en","ae","0","-"
3700,"dubai real estate","YouTube","Alphabeticals","v","dubai real estate villa","en","ae","20","6.17"
3701,"dubai real estate","YouTube","Alphabeticals","v","dubai real estate visa","en","ae","10","1.72"
3702,"dubai real estate","YouTube","Alphabeticals","v","dubai real estate video","en","ae","0","-"
3703,"dubai real estate","YouTube","Alphabeticals","v","dubai real estate vlogs","en","ae","0","-"
3704,"dubai real estate","YouTube","Alphabeticals","w","why invest in dubai real estate","en","ae","110","1.07"
3705,"dubai real estate","YouTube","Alphabeticals","w","why dubai real estate","en","ae","40","1.77"
3706,"dubai real estate","YouTube","Alphabeticals","w","buy real estate with crypto dubai","en","ae","10","-"
3707,"dubai real estate","YouTube","Alphabeticals","w","dubai real estate work","en","ae","0","-"
3708,"dubai real estate","YouTube","Alphabeticals","w","dubai real estate women","en","ae","0","-"
3709,"dubai real estate","YouTube","Alphabeticals","w","dubai real estate walkthrough","en","ae","0","-"
3710,"dubai real estate","YouTube","Alphabeticals","w","wali khan dubai real estate","en","ae","0","-"
3711,"dubai real estate","YouTube","Alphabeticals","w","curly tales with dubai real estate","en","ae","0","-"
3712,"dubai real estate","YouTube","Alphabeticals","w","finance with sharan dubai real estate","en","ae","0","-"
3713,"dubai real estate","YouTube","Alphabeticals","x","xrp dubai real estate","en","ae","0","-"
3714,"dubai real estate","YouTube","Alphabeticals","y","dubai real estate everything you need to know","en","ae","0","-"
3715,"dubai real estate","YouTube","Alphabeticals","z","zohaib dubai real estate","en","ae","0","-"
3716,"dubai real estate","YouTube","Comparisons","vs","abu dhabi vs dubai real estate","en","ae","10","-"
3717,"dubai real estate","YouTube","Comparisons","vs","dubai real estate myths vs facts","en","ae","0","-"
3718,"dubai real estate","YouTube","Comparisons","vs","dubai vs india real estate","en","ae","0","-"
3719,"dubai real estate","YouTube","Comparisons","vs","dubai vs mumbai real estate","en","ae","0","-"
3720,"dubai real estate","YouTube","Comparisons","vs","dubai vs canada real estate","en","ae","0","-"
3721,"dubai real estate","YouTube","Numbers","1","dubai real estate 101","en","ae","0","-"
3722,"dubai real estate","YouTube","Numbers","2","dubai real estate market 2025","en","ae","40","3.03"
3723,"dubai real estate","YouTube","Numbers","2","dubai real estate market 2024","en","ae","30","-"
3724,"dubai real estate","YouTube","Numbers","2","dubai real estate 2026","en","ae","10","-"
3725,"dubai real estate","YouTube","Numbers","2","dubai real estate crash 2025","en","ae","10","-"
3726,"dubai real estate","YouTube","Numbers","2","real estate business in dubai 2025","en","ae","10","-"
3727,"dubai real estate","YouTube","Numbers","2","dubai real estate 2025","en","ae","0","-"
3728,"dubai real estate","YouTube","Numbers","2","dubai real estate market 2025 malayalam","en","ae","0","-"
3729,"dubai real estate","YouTube","Numbers","2","dubai real estate market 2025 tamil","en","ae","0","-"
3730,"dubai real estate","YouTube","Numbers","2","dubai real estate market 2025 hindi","en","ae","0","-"
3731,"dubai real estate","YouTube","Numbers","2","dubai real estate market 2025 telugu","en","ae","0","-"
3732,"dubai real estate","YouTube","Numbers","2","dubai real estate investment 2026","en","ae","0","-"
3733,"dubai real estate","YouTube","Numbers","4","dubai real estate 4k","en","ae","0","-"
3734,"dubai real estate","YouTube","Prepositions","for","dubai real estate for sale","en","ae","590","5.59"
3735,"dubai real estate","YouTube","Prepositions","for","dubai real estate for beginners","en","ae","0","-"
3736,"dubai real estate","YouTube","Prepositions","for","dubai real estate for indians","en","ae","0","-"
3737,"dubai real estate","YouTube","Questions","how","how to invest in dubai real estate","en","ae","170","7.59"
3738,"dubai real estate","YouTube","Questions","how","how dubai real estate works","en","ae","10","-"
3739,"dubai real estate","YouTube","Questions","how","how to invest in dubai real estate from india","en","ae","10","-"
3740,"dubai real estate","YouTube","Questions","how","how to become dubai real estate agent","en","ae","0","-"
3741,"dubai real estate","YouTube","Questions","how","how to sell dubai real estate","en","ae","0","-"
3742,"dubai real estate","YouTube","Questions","how","how to understand dubai real estate","en","ae","0","-"
3743,"dubai real estate","YouTube","Questions","what","what is dubai real estate","en","ae","20","-"
3744,"dubai real estate","YouTube","Questions","why","why invest in dubai real estate","en","ae","110","1.07"
3745,"dubai real estate","YouTube","Questions","why","why dubai real estate","en","ae","40","1.77"
3746,"dubai real estate","TikTok","Alphabeticals","a","dubai real estate agent","en","ae","1.6K","7.09"
3747,"dubai real estate","TikTok","Alphabeticals","a","dubai real estate app","en","ae","30","2.89"
3748,"dubai real estate","TikTok","Alphabeticals","a","dubai real estate apartments","en","ae","10","3.99"
3749,"dubai real estate","TikTok","Alphabeticals","a","dubai real estate agent videos","en","ae","0","-"
3750,"dubai real estate","TikTok","Alphabeticals","a","dubai real estate agent funny","en","ae","0","-"
3751,"dubai real estate","TikTok","Alphabeticals","a","dubai real estate advisor","en","ae","0","-"
3752,"dubai real estate","TikTok","Alphabeticals","a","dubai real estate agent women","en","ae","0","-"
3753,"dubai real estate","TikTok","Alphabeticals","a","dubai real estate armenian","en","ae","0","-"
3754,"dubai real estate","TikTok","Alphabeticals","b","dubai real estate broker","en","ae","1.6K","7.09"
3755,"dubai real estate","TikTok","Alphabeticals","b","dubai real estate billionaires","en","ae","10","-"
3756,"dubai real estate","TikTok","Alphabeticals","b","dubai real estate woman billionarie","en","ae","0","-"
3757,"dubai real estate","TikTok","Alphabeticals","b","dubai real estate buildings","en","ae","0","-"
3758,"dubai real estate","TikTok","Alphabeticals","b","dubai real estate buuy","en","ae","0","-"
3759,"dubai real estate","TikTok","Alphabeticals","b","dubai real estate buyers","en","ae","0","-"
3760,"dubai real estate","TikTok","Alphabeticals","b","dubai real estate guy million vs billion","en","ae","0","-"
3761,"dubai real estate","TikTok","Alphabeticals","b","dubai real estate bugatti residences","en","ae","0","-"
3762,"dubai real estate","TikTok","Alphabeticals","c","dubai real estate company","en","ae","320","4.51"
3763,"dubai real estate","TikTok","Alphabeticals","c","dubai real estate crash","en","ae","170","1.02"
3764,"dubai real estate","TikTok","Alphabeticals","c","dubai real estate collapse","en","ae","10","-"
3765,"dubai real estate","TikTok","Alphabeticals","c","dubai real estate couple","en","ae","10","-"
3766,"dubai real estate","TikTok","Alphabeticals","c","dubai real estate comparison","en","ae","0","-"
3767,"dubai real estate","TikTok","Alphabeticals","c","dubai real estate cheap","en","ae","0","-"
3768,"dubai real estate","TikTok","Alphabeticals","c","dubai real estate cooking","en","ae","0","-"
3769,"dubai real estate","TikTok","Alphabeticals","d","dubai real estate developer","en","ae","170","5.65"
3770,"dubai real estate","TikTok","Alphabeticals","d","dubai real estate deals","en","ae","10","7.46"
3771,"dubai real estate","TikTok","Alphabeticals","d","dubai real estate doctor","en","ae","0","-"
3772,"dubai real estate","TikTok","Alphabeticals","d","dubai real estate day in the life","en","ae","0","-"
3773,"dubai real estate","TikTok","Alphabeticals","d","dubai real estate damac islands","en","ae","0","-"
3774,"dubai real estate","TikTok","Alphabeticals","e","dubai real estate exam","en","ae","10","-"
3775,"dubai real estate","TikTok","Alphabeticals","e","dubai real estate expo","en","ae","10","3.1"
3776,"dubai real estate","TikTok","Alphabeticals","e","dubai real estate expert","en","ae","0","-"
3777,"dubai real estate","TikTok","Alphabeticals","e","dubai real estate english vision 2030","en","ae","0","-"
3778,"dubai real estate","TikTok","Alphabeticals","e","dubai real estate end of 2026","en","ae","0","-"
3779,"dubai real estate","TikTok","Alphabeticals","f","dubai real estate for foreigners","en","ae","10","-"
3780,"dubai real estate","TikTok","Alphabeticals","f","dubai real estate financing","en","ae","0","-"
3781,"dubai real estate","TikTok","Alphabeticals","f","dubai real estate family","en","ae","0","-"
3782,"dubai real estate","TikTok","Alphabeticals","f","dubai real estate funny","en","ae","0","-"
3783,"dubai real estate","TikTok","Alphabeticals","f","dubai real estate agent funny","en","ae","0","-"
3784,"dubai real estate","TikTok","Alphabeticals","g","dubai real estate going down","en","ae","10","-"
3785,"dubai real estate","TikTok","Alphabeticals","g","dubai real estate giant","en","ae","0","-"
3786,"dubai real estate","TikTok","Alphabeticals","g","dubai real estate guy million vs billion","en","ae","0","-"
3787,"dubai real estate","TikTok","Alphabeticals","g","dubai real estate guy meme","en","ae","0","-"
3788,"dubai real estate","TikTok","Alphabeticals","g","dubai real estate jordanian girl","en","ae","0","-"
3789,"dubai real estate","TikTok","Alphabeticals","h","dubai real estate homes for sale","en","ae","0","-"
3790,"dubai real estate","TikTok","Alphabeticals","i","dubai real estate investing","en","ae","2.9K","6.39"
3791,"dubai real estate","TikTok","Alphabeticals","i","dubai real estate investors","en","ae","880","7.74"
3792,"dubai real estate","TikTok","Alphabeticals","i","dubai real estate index","en","ae","590","2.39"
3793,"dubai real estate","TikTok","Alphabeticals","i","dubai real estate in trouble","en","ae","10","-"
3794,"dubai real estate","TikTok","Alphabeticals","i","dubai real estate investment risks","en","ae","10","-"
3795,"dubai real estate","TikTok","Alphabeticals","i","dubai real estate indian","en","ae","10","-"
3796,"dubai real estate","TikTok","Alphabeticals","i","dubai real estate impact","en","ae","10","-"
3797,"dubai real estate","TikTok","Alphabeticals","i","dubai real estate influencer","en","ae","0","-"
3798,"dubai real estate","TikTok","Alphabeticals","j","dubai real estate jobs","en","ae","110","-"
3799,"dubai real estate","TikTok","Alphabeticals","j","dubai real estate jordanian girl","en","ae","0","-"
3800,"dubai real estate","TikTok","Alphabeticals","k","dubai real estate kylie","en","ae","0","-"
3801,"dubai real estate","TikTok","Alphabeticals","l","dubai luxury real estate","en","ae","70","1.92"
3802,"dubai real estate","TikTok","Alphabeticals","l","dubai real estate license","en","ae","50","1.79"
3803,"dubai real estate","TikTok","Alphabeticals","l","dubai real estate latinas","en","ae","0","-"
3804,"dubai real estate","TikTok","Alphabeticals","l","dubai real estate los angeles","en","ae","0","-"
3805,"dubai real estate","TikTok","Alphabeticals","l","dubai real estate launch","en","ae","0","-"
3806,"dubai real estate","TikTok","Alphabeticals","l","dubai real estate leverage strategy","en","ae","0","-"
3807,"dubai real estate","TikTok","Alphabeticals","m","dubai real estate market","en","ae","590","2.1"
3808,"dubai real estate","TikTok","Alphabeticals","m","dubai real estate market crash","en","ae","70","2.99"
3809,"dubai real estate","TikTok","Alphabeticals","n","dubai real estate news","en","ae","590","1.82"
3810,"dubai real estate","TikTok","Alphabeticals","n","dubai real estate nepali","en","ae","0","-"
3811,"dubai real estate","TikTok","Alphabeticals","n","dubai real estate now","en","ae","0","-"
3812,"dubai real estate","TikTok","Alphabeticals","n","dubai real estate nepal","en","ae","0","-"
3813,"dubai real estate","TikTok","Alphabeticals","o","dubai real estate outfits","en","ae","0","-"
3814,"dubai real estate","TikTok","Alphabeticals","o","dubai real estate owners","en","ae","0","-"
3815,"dubai real estate","TikTok","Alphabeticals","o","dubai real estate ocley","en","ae","0","-"
3816,"dubai real estate","TikTok","Alphabeticals","o","dubai real estate of course","en","ae","0","-"
3817,"dubai real estate","TikTok","Alphabeticals","o","dubai real estate oey","en","ae","0","-"
3818,"dubai real estate","TikTok","Alphabeticals","o","dubai real estate oenthouse","en","ae","0","-"
3819,"dubai real estate","TikTok","Alphabeticals","p","dubai real estate price","en","ae","170","1.21"
3820,"dubai real estate","TikTok","Alphabeticals","p","dubai real estate projects","en","ae","50","7.5"
3821,"dubai real estate","TikTok","Alphabeticals","p","dubai real estate properties","en","ae","30","18.22"
3822,"dubai real estate","TikTok","Alphabeticals","p","dubai real estate price drops","en","ae","10","-"
3823,"dubai real estate","TikTok","Alphabeticals","p","dubai real estate punjabi","en","ae","0","-"
3824,"dubai real estate","TikTok","Alphabeticals","p","dubai real estate penthouse","en","ae","0","-"
3825,"dubai real estate","TikTok","Alphabeticals","p","dubai real estate punjabi viral video","en","ae","0","-"
3826,"dubai real estate","TikTok","Alphabeticals","p","dubai real estate prediction","en","ae","0","-"
3827,"dubai real estate","TikTok","Alphabeticals","q","dubai real estate qasim","en","ae","0","-"
3828,"dubai real estate","TikTok","Alphabeticals","r","dubai real estate rentals","en","ae","30","0.03"
3829,"dubai real estate","TikTok","Alphabeticals","r","dubai real estate roi","en","ae","10","-"
3830,"dubai real estate","TikTok","Alphabeticals","r","dubai real estate realtor","en","ae","0","-"
3831,"dubai real estate","TikTok","Alphabeticals","r","dubai real estate right now","en","ae","0","-"
3832,"dubai real estate","TikTok","Alphabeticals","r","dubai real estate russian lady","en","ae","0","-"
3833,"dubai real estate","TikTok","Alphabeticals","s","dubai real estate show","en","ae","30","-"
3834,"dubai real estate","TikTok","Alphabeticals","s","dubai south real estate","en","ae","10","-"
3835,"dubai real estate","TikTok","Alphabeticals","s","dubai real estate salary","en","ae","10","-"
3836,"dubai real estate","TikTok","Alphabeticals","s","dubai real estate studios","en","ae","0","-"
3837,"dubai real estate","TikTok","Alphabeticals","s","dubai real estate seminar","en","ae","0","-"
3838,"dubai real estate","TikTok","Alphabeticals","s","dubai real estate shqiptare","en","ae","0","-"
3839,"dubai real estate","TikTok","Alphabeticals","s","dubai real estate showing event pelican beach resort","en","ae","0","-"
3840,"dubai real estate","TikTok","Alphabeticals","t","dubai real estate trends","en","ae","20","-"
3841,"dubai real estate","TikTok","Alphabeticals","t","dubai real estate tv show","en","ae","10","-"
3842,"dubai real estate","TikTok","Alphabeticals","t","dubai real estate tax","en","ae","10","-"
3843,"dubai real estate","TikTok","Alphabeticals","t","dubai real estate tiktok","en","ae","0","-"
3844,"dubai real estate","TikTok","Alphabeticals","t","dubai real estate today","en","ae","0","-"
3845,"dubai real estate","TikTok","Alphabeticals","t","dubai real estate truth","en","ae","0","-"
3846,"dubai real estate","TikTok","Alphabeticals","t","dubai real estate telugu agrnt","en","ae","0","-"
3847,"dubai real estate","TikTok","Alphabeticals","t","dubai real estate trends 2026","en","ae","0","-"
3848,"dubai real estate","TikTok","Alphabeticals","u","dubai real estate update","en","ae","10","-"
3849,"dubai real estate","TikTok","Alphabeticals","v","dubai real estate villa","en","ae","20","-"
3850,"dubai real estate","TikTok","Alphabeticals","v","dubai real estate viral videos","en","ae","0","-"
3851,"dubai real estate","TikTok","Alphabeticals","v","dubai real estate visit","en","ae","0","-"
3852,"dubai real estate","TikTok","Alphabeticals","v","dubai real estate vs mami","en","ae","0","-"
3853,"dubai real estate","TikTok","Alphabeticals","v","dubai real estate villa about 1 million","en","ae","0","-"
3854,"dubai real estate","TikTok","Alphabeticals","v","dubai real estate guy million vs billion","en","ae","0","-"
3855,"dubai real estate","TikTok","Alphabeticals","w","dubai real estate woman billionarie","en","ae","0","-"
3856,"dubai real estate","TikTok","Alphabeticals","w","dubai real estate war","en","ae","0","-"
3857,"dubai real estate","TikTok","Alphabeticals","w","dubai real estate walkthrough","en","ae","0","-"
3858,"dubai real estate","TikTok","Alphabeticals","x","dubai real estate x","en","ae","0","-"
3859,"dubai real estate","TikTok","Alphabeticals","y","dubai real estate y","en","ae","0","-"
3860,"dubai real estate","TikTok","Comparisons","and","dubai real estate and luxury houses","en","ae","0","-"
3861,"dubai real estate","TikTok","Comparisons","and","dubai real estate and penthouse prices","en","ae","0","-"
3862,"dubai real estate","TikTok","Comparisons","like","real estate agents in dubai be like","en","ae","0","-"
3863,"dubai real estate","TikTok","Comparisons","vs","dubai real estate vs mami","en","ae","0","-"
3864,"dubai real estate","TikTok","Comparisons","vs","dubai real estate vs usa","en","ae","0","-"
3865,"dubai real estate","TikTok","Comparisons","vs","dubai real estate vs ","en","ae","0","-"
3866,"dubai real estate","TikTok","Numbers","2","dubai real estate 2026","en","ae","10","-"
3867,"dubai real estate","TikTok","Numbers","2","dubai real estate agent 2026","en","ae","0","-"
3868,"dubai real estate","TikTok","Numbers","2","dubai real estate 2 million aed","en","ae","0","-"
3869,"dubai real estate","TikTok","Numbers","2","dubai real estate 20206","en","ae","0","-"
3870,"dubai real estate","TikTok","Numbers","2","dubai real estate 250k house","en","ae","0","-"
3871,"dubai real estate","TikTok","Numbers","3","dubai real estate 3","en","ae","0","-"
3872,"dubai real estate","TikTok","Numbers","3","dubai real estate 300k usd","en","ae","0","-"
3873,"dubai real estate","TikTok","Numbers","4","dubai real estate 4","en","ae","0","-"
3874,"dubai real estate","TikTok","Numbers","5","dubai real estate 5","en","ae","0","-"
3875,"dubai real estate","TikTok","Numbers","7","dubai real estate 7","en","ae","0","-"
3876,"dubai real estate","TikTok","Numbers","8","dubai real estate 8","en","ae","0","-"
3877,"dubai real estate","TikTok","Prepositions","can","dubai real estate can not sell","en","ae","0","-"
3878,"dubai real estate","TikTok","Prepositions","for","dubai real estate for foreigners","en","ae","10","-"
3879,"dubai real estate","TikTok","Prepositions","for","dubai real estate for ","en","ae","0","-"
3880,"dubai real estate","TikTok","Prepositions","near","dubai real estate near ","en","ae","0","-"
3881,"dubai real estate","TikTok","Prepositions","to","dubai real estate to ","en","ae","0","-"
3882,"dubai real estate","TikTok","Prepositions","with","dubai real estate with ","en","ae","0","-"
3883,"dubai real estate","TikTok","Questions","how","how to get into real estate in dubai","en","ae","10","-"
3884,"dubai real estate","TikTok","Questions","how","how dubai real estate ","en","ae","0","-"
3885,"dubai real estate","TikTok","Questions","when","when dubai real estate ","en","ae","0","-"
3886,"dubai real estate","TikTok","Questions","why","why dubai real estate ","en","ae","0","-"
3887,"dubai real estate","Instagram","Instagram","Hashtags","dubairealestate","en","ae","4.4K","1.66"
3888,"dubai real estate","Instagram","Instagram","People","dubairealestatee","en","ae","0","-"
3889,"dubai real estate","Instagram","Instagram","People","dubairealestatebr","en","ae","0","-"
3890,"dubai real estate","Instagram","Instagram","People","bricksandkeys_dubairealestate","en","ae","0","-"
3891,"dubai real estate","Instagram","Instagram","People","tania.dubairealestate","en","ae","0","-"
3892,"dubai real estate","Instagram","Instagram","People","pascual.dubairealestate","en","ae","0","-"
3893,"dubai real estate","Instagram","Instagram","People","dubairealestatea","en","ae","0","-"
3894,"dubai real estate","Instagram","Instagram","People","dubairealestateo","en","ae","0","-"
3895,"dubai real estate","Instagram","Instagram","People","dubairealestatei","en","ae","0","-"
3896,"dubai real estate","Instagram","Instagram","People","alla.dubairealestate","en","ae","0","-"
3897,"dubai real estate","Instagram","Instagram","People","dubairealestate_emine","en","ae","0","-"
3898,"dubai real estate","Instagram","Instagram","People","dubairealestatewithsavar","en","ae","0","-"
3899,"dubai real estate","Instagram","Instagram","People","dubai__real_estate_","en","ae","0","-"
3900,"dubai real estate","Instagram","Instagram","People","dubai.realestate__","en","ae","0","-"
3901,"dubai real estate","Instagram","Instagram","People","ghazalpanahidxb","en","ae","0","-"
3902,"dubai real estate","Instagram","Instagram","People","dubairealestate","en","ae","0","-"
3903,"dubai real estate","Instagram","Instagram","People","dr_dubairealestate","en","ae","0","-"
3904,"dubai real estate","Instagram","Instagram","People","dubairealestate_betul","en","ae","0","-"
3905,"dubai real estate","Instagram","Instagram","People","dubairealestate.laxmi","en","ae","0","-"
3906,"dubai real estate","Instagram","Instagram","People","surendubai","en","ae","0","-"
3907,"dubai real estate","Instagram","Instagram","People","dubairealestate_allegiance.ae","en","ae","0","-"
3908,"dubai real estate","Instagram","Instagram","People","kyrrealestate","en","ae","0","-"
3909,"dubai real estate","Instagram","Instagram","People","ruchika_dubairealestate","en","ae","0","-"
3910,"dubai real estate","Instagram","Instagram","People","chelsy_dubairealestate","en","ae","0","-"
3911,"dubai real estate","Instagram","Instagram","People","dubairealestate.rasha","en","ae","0","-"
3912,"dubai real estate","Instagram","Instagram","People","dubairealestate.zara","en","ae","0","-"
3913,"dubai real estate","Instagram","Instagram","People","elvis_dubairealestate","en","ae","0","-"
3914,"dubai real estate","Instagram","Instagram","People","razaqatmughal07","en","ae","0","-"
3915,"dubai real estate","Instagram","Instagram","People","dubairealestate_alannah","en","ae","0","-"
3916,"dubai real estate","Instagram","Instagram","People","dubairealestateacademy","en","ae","0","-"
3917,"dubai real estate","Instagram","Instagram","People","dubairealestate_jeegar","en","ae","0","-"
3918,"dubai real estate","Instagram","Instagram","People","dubairealestate.linda","en","ae","0","-"
3919,"dubai real estate","Instagram","Instagram","People","georgiapeacock","en","ae","0","-"
3920,"dubai real estate","Instagram","Instagram","People","dubairealestate_vrutti","en","ae","0","-"
3921,"dubai real estate","Instagram","Instagram","People","yazn.dubairealestate2","en","ae","0","-"
3922,"dubai real estate","Instagram","Instagram","People","farajrostami.amlak.dubai","en","ae","0","-"
3923,"dubai real estate","Instagram","Instagram","People","dubairealestate.oxana","en","ae","0","-"
3924,"dubai real estate","Instagram","Instagram","People","dubairealestate.heidi","en","ae","0","-"
3925,"dubai real estate","Instagram","Instagram","People","akshata.r.shetty","en","ae","0","-"
3926,"dubai real estate","Instagram","Instagram","People","aftab.realtor","en","ae","0","-"
3927,"dubai real estate","Instagram","Instagram","People","faimaz_wayroyal","en","ae","0","-"
3928,"dubai real estate","Instagram","Instagram","People","realtor_ose","en","ae","0","-"
3929,"dubai real estate","Instagram","Instagram","People","bettercallsheela","en","ae","0","-"
3930,"dubai real estate","Instagram","Instagram","People","dubairealestate_katarina","en","ae","0","-"
3931,"dubai real estate","Instagram","Instagram","People","mariam.dubairealestate","en","ae","0","-"
3932,"dubai real estate","Instagram","Instagram","People","dubai_realestaten","en","ae","0","-"
3933,"dubai real estate","Instagram","Instagram","People","dubairealestate_nicole","en","ae","0","-"
3934,"dubai real estate","Instagram","Instagram","People","anismerakech","en","ae","0","-"
3935,"dubai real estate","Instagram","Instagram","People","dxbparag","en","ae","0","-"
3936,"dubai real estate","Instagram","Instagram","People","dubairealestateagent_dobbie","en","ae","0","-"
3937,"dubai real estate","Instagram","Instagram","People","saeidrealtor","en","ae","0","-"
3938,"dubai real estate","Instagram","Instagram","People","kaiser_oxana","en","ae","0","-"
3939,"dubai real estate","Instagram","Instagram","People","_akromkhuja_","en","ae","0","-"
3940,"dubai real estate","Instagram","Instagram","People","muskan.dubairealestate","en","ae","0","-"
3941,"dubai real estate","Instagram","Instagram","People","dubairealestate365","en","ae","0","-"
3942,"dubai real estate","Instagram","Instagram","People","dubai.realestateexpert","en","ae","0","-"
3943,"dubai real estate","Instagram","Instagram","People","anna_dubairealestate","en","ae","0","-"
3944,"dubai real estate","Instagram","Instagram","People","svetle_dxb_living","en","ae","0","-"
3945,"dubai real estate","Instagram","Instagram","People","safzaal_salieem555","en","ae","0","-"
3946,"dubai real estate","Instagram","Instagram","People","dubairealestate2027","en","ae","0","-"
3947,"dubai real estate","Instagram","Instagram","People","dubairealestate.chaimae","en","ae","0","-"
3948,"dubai real estate","Instagram","Instagram","People","dubairealestatebr","en","ae","0","-"
3949,"dubai real estate","Instagram","Instagram","People","bricksandkeys_dubairealestate","en","ae","0","-"
3950,"dubai real estate","Instagram","Instagram","People","tania.dubairealestate","en","ae","0","-"
3951,"dubai real estate","Instagram","Instagram","People","armani_dubairealestate","en","ae","0","-"
3952,"dubai real estate","Instagram","Instagram","People","lyndsey_dubairealestate","en","ae","0","-"
3953,"dubai real estate","Instagram","Instagram","People","pascual.dubairealestate","en","ae","0","-"
3954,"dubai real estate","Amazon","Alphabeticals","b","dubai real estate books","en","ae","0","-"
3955,"dubai real estate","Amazon","Alphabeticals","b","dubai real estate beyond","en","ae","0","-"
3956,"dubai real estate","Amazon","Alphabeticals","b","dubai real estate beyond headlines","en","ae","0","-"
3957,"dubai real estate","Amazon","Alphabeticals","e","the essential guide to the dubai real estate market","en","ae","20","2.59"
3958,"dubai real estate","Amazon","Alphabeticals","g","the essential guide to the dubai real estate market","en","ae","20","2.59"
3959,"dubai real estate","Amazon","Alphabeticals","h","dubai real estate beyond headlines","en","ae","0","-"
3960,"dubai real estate","Amazon","Alphabeticals","m","dubai real estate map","en","ae","260","1.78"
3961,"dubai real estate","Amazon","Alphabeticals","m","the essential guide to the dubai real estate market","en","ae","20","2.59"
3962,"dubai real estate","Amazon","Alphabeticals","m","dubai map 2025 real estate wall poster","en","ae","0","-"
3963,"dubai real estate","Amazon","Alphabeticals","m","dubai map 2025 real estate","en","ae","0","-"
3964,"dubai real estate","Amazon","Alphabeticals","p","dubai map 2025 real estate wall poster","en","ae","0","-"
3965,"dubai real estate","Amazon","Alphabeticals","w","dubai map 2025 real estate wall poster","en","ae","0","-"
3966,"dubai real estate","Amazon","Numbers","1","dubai real estate 101","en","ae","0","-"
3967,"dubai real estate","Amazon","Numbers","2","dubai map 2025 real estate wall poster","en","ae","0","-"
3968,"dubai real estate","Amazon","Numbers","2","dubai map 2025 real estate","en","ae","0","-"
3969,"dubai real estate","Amazon","Prepositions","for","dubai map for real estate","en","ae","260","6.53"
3970,"dubai real estate","Amazon","Prepositions","to","the essential guide to the dubai real estate market","en","ae","20","2.59"
